Created by PLY version 3.11 (http://www.dabeaz.com/ply)

Unused terminals:

    AS
    DCOLON
    DEINDENT
    ENUM
    FOR
    IMPL
    IN
    INDENT
    LBRACKET
    PUB
    RBRACKET
    REF
    STATIC
    UNION
    WHERE

Grammar

Rule 0     S' -> program
Rule 1     program -> topdecl
Rule 2     program -> topdecl program
Rule 3     topdecl -> funcdecl
Rule 4     topdecl -> structdecl
Rule 5     topdecl -> traitdecl
Rule 6     topdecl -> decl
Rule 7     funcdecl -> signature body
Rule 8     signature -> FN ID signaturei
Rule 9     signaturei -> signaturep
Rule 10    signaturei -> signaturenp
Rule 11    signaturep -> LPAREN sigparams RPAREN ARROW type
Rule 12    signaturep -> LPAREN sigparams RPAREN
Rule 13    signaturenp -> LPAREN RPAREN ARROW type
Rule 14    signaturenp -> LPAREN RPAREN
Rule 15    sigparams -> sigparam
Rule 16    sigparams -> sigparam COMMA sigparams
Rule 17    sigparam -> ID COLON type
Rule 18    body -> LBRACE stmts RBRACE
Rule 19    structdecl -> STRUCT ID LBRACE structfields RBRACE
Rule 20    structfields -> structfield
Rule 21    structfields -> structfield COMMA structfields
Rule 22    structfield -> ID COLON type
Rule 23    traitdecl -> TRAIT ID LBRACE traitbody RBRACE
Rule 24    traitbody -> traitsignatures
Rule 25    traitbody -> traitsignatures traitbody
Rule 26    traitsignatures -> signature SCOLON
Rule 27    traitsignatures -> funcdecl
Rule 28    traitsignatures -> traitmethod
Rule 29    traitmethod -> FN ID traitsignature
Rule 30    traitsignature -> traitsignaturep SCOLON
Rule 31    traitsignature -> traitsignaturep body
Rule 32    traitsignaturep -> LPAREN BITAND SELFTYPE RPAREN ARROW type
Rule 33    traitsignaturep -> LPAREN BITAND SELFTYPE RPAREN
Rule 34    traitsignaturep -> LPAREN BITAND SELFTYPE COMMA sigparams RPAREN ARROW type
Rule 35    traitsignaturep -> LPAREN BITAND SELFTYPE COMMA sigparams RPAREN
Rule 36    stmts -> stmt
Rule 37    stmts -> stmt stmts
Rule 38    stmt -> decl
Rule 39    stmt -> exp SCOLON
Rule 40    stmt -> ifr
Rule 41    stmt -> LOOP LBRACE stmts RBRACE
Rule 42    stmt -> WHILE exp LBRACE stmts RBRACE
Rule 43    stmt -> RETURN exp SCOLON
Rule 44    stmt -> BREAK SCOLON
Rule 45    stmt -> CONTINUE SCOLON
Rule 46    ifr -> IF exp LBRACE stmts RBRACE
Rule 47    ifr -> IF exp LBRACE stmts RBRACE ELSE LBRACE stmts RBRACE
Rule 48    ifr -> IF exp LBRACE stmts RBRACE ELSE ifr
Rule 49    decl -> LET ID typedecl ATTRIB exp SCOLON
Rule 50    decl -> LET MUT ID typedecl ATTRIB exp SCOLON
Rule 51    decl -> CONST ID COLON type ATTRIB exp SCOLON
Rule 52    typedecl -> COLON type
Rule 53    typedecl -> <empty>
Rule 54    exp -> exp_assign
Rule 55    exp_assign -> ID ATTRIB exp_assign
Rule 56    exp_assign -> ID PLUSATTRIB exp_assign
Rule 57    exp_assign -> ID MINUSATTRIB exp_assign
Rule 58    exp_assign -> ID TIMESATTRIB exp_assign
Rule 59    exp_assign -> ID DIVIDEATTRIB exp_assign
Rule 60    exp_assign -> exp_or
Rule 61    exp_or -> exp_or LOGOR exp_and
Rule 62    exp_or -> exp_and
Rule 63    exp_and -> exp_and LOGAND exp_rel
Rule 64    exp_and -> exp_rel
Rule 65    exp_rel -> exp_bitor EQUALS exp_bitor
Rule 66    exp_rel -> exp_bitor NEQUALS exp_bitor
Rule 67    exp_rel -> exp_bitor LESS exp_bitor
Rule 68    exp_rel -> exp_bitor GRTR exp_bitor
Rule 69    exp_rel -> exp_bitor LESSEQ exp_bitor
Rule 70    exp_rel -> exp_bitor GRTREQ exp_bitor
Rule 71    exp_rel -> exp_bitor
Rule 72    exp_bitor -> exp_bitor BITOR exp_bitxor
Rule 73    exp_bitor -> exp_bitxor
Rule 74    exp_bitxor -> exp_bitxor BITXOR exp_bitand
Rule 75    exp_bitxor -> exp_bitand
Rule 76    exp_bitand -> exp_bitand BITAND exp_shift
Rule 77    exp_bitand -> exp_shift
Rule 78    exp_shift -> exp_shift LSHIFT exp_add
Rule 79    exp_shift -> exp_shift RSHIFT exp_add
Rule 80    exp_shift -> exp_add
Rule 81    exp_add -> exp_add PLUS exp_mul
Rule 82    exp_add -> exp_add MINUS exp_mul
Rule 83    exp_add -> exp_mul
Rule 84    exp_mul -> exp_mul TIMES exp_unary
Rule 85    exp_mul -> exp_mul DIVIDE exp_unary
Rule 86    exp_mul -> exp_mul MODL exp_unary
Rule 87    exp_mul -> exp_unary
Rule 88    exp_unary -> LOGNOT exp_unary
Rule 89    exp_unary -> MINUS exp_unary
Rule 90    exp_unary -> exp_primary
Rule 91    exp_primary -> call
Rule 92    exp_primary -> NUMBER
Rule 93    exp_primary -> ID
Rule 94    exp_primary -> STRING
Rule 95    exp_primary -> TRUE
Rule 96    exp_primary -> FALSE
Rule 97    exp_primary -> LPAREN exp RPAREN
Rule 98    exp_primary -> LBRACE stmts exp RBRACE
Rule 99    exp_primary -> LBRACE stmts RBRACE
Rule 100   call -> ID LPAREN args RPAREN
Rule 101   call -> ID LPAREN RPAREN
Rule 102   args -> exp
Rule 103   args -> exp COMMA args
Rule 104   type -> ID

Terminals, with rules where they appear

ARROW                : 11 13 32 34
AS                   : 
ATTRIB               : 49 50 51 55
BITAND               : 32 33 34 35 76
BITOR                : 72
BITXOR               : 74
BREAK                : 44
COLON                : 17 22 51 52
COMMA                : 16 21 34 35 103
CONST                : 51
CONTINUE             : 45
DCOLON               : 
DEINDENT             : 
DIVIDE               : 85
DIVIDEATTRIB         : 59
ELSE                 : 47 48
ENUM                 : 
EQUALS               : 65
FALSE                : 96
FN                   : 8 29
FOR                  : 
GRTR                 : 68
GRTREQ               : 70
ID                   : 8 17 19 22 23 29 49 50 51 55 56 57 58 59 93 100 101 104
IF                   : 46 47 48
IMPL                 : 
IN                   : 
INDENT               : 
LBRACE               : 18 19 23 41 42 46 47 47 48 98 99
LBRACKET             : 
LESS                 : 67
LESSEQ               : 69
LET                  : 49 50
LOGAND               : 63
LOGNOT               : 88
LOGOR                : 61
LOOP                 : 41
LPAREN               : 11 12 13 14 32 33 34 35 97 100 101
LSHIFT               : 78
MINUS                : 82 89
MINUSATTRIB          : 57
MODL                 : 86
MUT                  : 50
NEQUALS              : 66
NUMBER               : 92
PLUS                 : 81
PLUSATTRIB           : 56
PUB                  : 
RBRACE               : 18 19 23 41 42 46 47 47 48 98 99
RBRACKET             : 
REF                  : 
RETURN               : 43
RPAREN               : 11 12 13 14 32 33 34 35 97 100 101
RSHIFT               : 79
SCOLON               : 26 30 39 43 44 45 49 50 51
SELFTYPE             : 32 33 34 35
STATIC               : 
STRING               : 94
STRUCT               : 19
TIMES                : 84
TIMESATTRIB          : 58
TRAIT                : 23
TRUE                 : 95
UNION                : 
WHERE                : 
WHILE                : 42
error                : 

Nonterminals, with rules where they appear

args                 : 100 103
body                 : 7 31
call                 : 91
decl                 : 6 38
exp                  : 39 42 43 46 47 48 49 50 51 97 98 102 103
exp_add              : 78 79 80 81 82
exp_and              : 61 62 63
exp_assign           : 54 55 56 57 58 59
exp_bitand           : 74 75 76
exp_bitor            : 65 65 66 66 67 67 68 68 69 69 70 70 71 72
exp_bitxor           : 72 73 74
exp_mul              : 81 82 83 84 85 86
exp_or               : 60 61
exp_primary          : 90
exp_rel              : 63 64
exp_shift            : 76 77 78 79
exp_unary            : 84 85 86 87 88 89
funcdecl             : 3 27
ifr                  : 40 48
program              : 2 0
signature            : 7 26
signaturei           : 8
signaturenp          : 10
signaturep           : 9
sigparam             : 15 16
sigparams            : 11 12 16 34 35
stmt                 : 36 37
stmts                : 18 37 41 42 46 47 47 48 98 99
structdecl           : 4
structfield          : 20 21
structfields         : 19 21
topdecl              : 1 2
traitbody            : 23 25
traitdecl            : 5
traitmethod          : 28
traitsignature       : 29
traitsignaturep      : 30 31
traitsignatures      : 24 25
type                 : 11 13 17 22 32 34 51 52
typedecl             : 49 50

Parsing method: LALR

state 0

    (0) S' -> . program
    (1) program -> . topdecl
    (2) program -> . topdecl program
    (3) topdecl -> . funcdecl
    (4) topdecl -> . structdecl
    (5) topdecl -> . traitdecl
    (6) topdecl -> . decl
    (7) funcdecl -> . signature body
    (19) structdecl -> . STRUCT ID LBRACE structfields RBRACE
    (23) traitdecl -> . TRAIT ID LBRACE traitbody RBRACE
    (49) decl -> . LET ID typedecl ATTRIB exp SCOLON
    (50) decl -> . LET MUT ID typedecl ATTRIB exp SCOLON
    (51) decl -> . CONST ID COLON type ATTRIB exp SCOLON
    (8) signature -> . FN ID signaturei

    STRUCT          shift and go to state 8
    TRAIT           shift and go to state 9
    LET             shift and go to state 10
    CONST           shift and go to state 11
    FN              shift and go to state 12

    program                        shift and go to state 1
    topdecl                        shift and go to state 2
    funcdecl                       shift and go to state 3
    structdecl                     shift and go to state 4
    traitdecl                      shift and go to state 5
    decl                           shift and go to state 6
    signature                      shift and go to state 7

state 1

    (0) S' -> program .



state 2

    (1) program -> topdecl .
    (2) program -> topdecl . program
    (1) program -> . topdecl
    (2) program -> . topdecl program
    (3) topdecl -> . funcdecl
    (4) topdecl -> . structdecl
    (5) topdecl -> . traitdecl
    (6) topdecl -> . decl
    (7) funcdecl -> . signature body
    (19) structdecl -> . STRUCT ID LBRACE structfields RBRACE
    (23) traitdecl -> . TRAIT ID LBRACE traitbody RBRACE
    (49) decl -> . LET ID typedecl ATTRIB exp SCOLON
    (50) decl -> . LET MUT ID typedecl ATTRIB exp SCOLON
    (51) decl -> . CONST ID COLON type ATTRIB exp SCOLON
    (8) signature -> . FN ID signaturei

    $end            reduce using rule 1 (program -> topdecl .)
    STRUCT          shift and go to state 8
    TRAIT           shift and go to state 9
    LET             shift and go to state 10
    CONST           shift and go to state 11
    FN              shift and go to state 12

    topdecl                        shift and go to state 2
    program                        shift and go to state 13
    funcdecl                       shift and go to state 3
    structdecl                     shift and go to state 4
    traitdecl                      shift and go to state 5
    decl                           shift and go to state 6
    signature                      shift and go to state 7

state 3

    (3) topdecl -> funcdecl .

    STRUCT          reduce using rule 3 (topdecl -> funcdecl .)
    TRAIT           reduce using rule 3 (topdecl -> funcdecl .)
    LET             reduce using rule 3 (topdecl -> funcdecl .)
    CONST           reduce using rule 3 (topdecl -> funcdecl .)
    FN              reduce using rule 3 (topdecl -> funcdecl .)
    $end            reduce using rule 3 (topdecl -> funcdecl .)


state 4

    (4) topdecl -> structdecl .

    STRUCT          reduce using rule 4 (topdecl -> structdecl .)
    TRAIT           reduce using rule 4 (topdecl -> structdecl .)
    LET             reduce using rule 4 (topdecl -> structdecl .)
    CONST           reduce using rule 4 (topdecl -> structdecl .)
    FN              reduce using rule 4 (topdecl -> structdecl .)
    $end            reduce using rule 4 (topdecl -> structdecl .)


state 5

    (5) topdecl -> traitdecl .

    STRUCT          reduce using rule 5 (topdecl -> traitdecl .)
    TRAIT           reduce using rule 5 (topdecl -> traitdecl .)
    LET             reduce using rule 5 (topdecl -> traitdecl .)
    CONST           reduce using rule 5 (topdecl -> traitdecl .)
    FN              reduce using rule 5 (topdecl -> traitdecl .)
    $end            reduce using rule 5 (topdecl -> traitdecl .)


state 6

    (6) topdecl -> decl .

    STRUCT          reduce using rule 6 (topdecl -> decl .)
    TRAIT           reduce using rule 6 (topdecl -> decl .)
    LET             reduce using rule 6 (topdecl -> decl .)
    CONST           reduce using rule 6 (topdecl -> decl .)
    FN              reduce using rule 6 (topdecl -> decl .)
    $end            reduce using rule 6 (topdecl -> decl .)


state 7

    (7) funcdecl -> signature . body
    (18) body -> . LBRACE stmts RBRACE

    LBRACE          shift and go to state 15

    body                           shift and go to state 14

state 8

    (19) structdecl -> STRUCT . ID LBRACE structfields RBRACE

    ID              shift and go to state 16


state 9

    (23) traitdecl -> TRAIT . ID LBRACE traitbody RBRACE

    ID              shift and go to state 17


state 10

    (49) decl -> LET . ID typedecl ATTRIB exp SCOLON
    (50) decl -> LET . MUT ID typedecl ATTRIB exp SCOLON

    ID              shift and go to state 18
    MUT             shift and go to state 19


state 11

    (51) decl -> CONST . ID COLON type ATTRIB exp SCOLON

    ID              shift and go to state 20


state 12

    (8) signature -> FN . ID signaturei

    ID              shift and go to state 21


state 13

    (2) program -> topdecl program .

    $end            reduce using rule 2 (program -> topdecl program .)


state 14

    (7) funcdecl -> signature body .

    STRUCT          reduce using rule 7 (funcdecl -> signature body .)
    TRAIT           reduce using rule 7 (funcdecl -> signature body .)
    LET             reduce using rule 7 (funcdecl -> signature body .)
    CONST           reduce using rule 7 (funcdecl -> signature body .)
    FN              reduce using rule 7 (funcdecl -> signature body .)
    $end            reduce using rule 7 (funcdecl -> signature body .)
    RBRACE          reduce using rule 7 (funcdecl -> signature body .)


state 15

    (18) body -> LBRACE . stmts RBRACE
    (36) stmts -> . stmt
    (37) stmts -> . stmt stmts
    (38) stmt -> . decl
    (39) stmt -> . exp SCOLON
    (40) stmt -> . ifr
    (41) stmt -> . LOOP LBRACE stmts RBRACE
    (42) stmt -> . WHILE exp LBRACE stmts RBRACE
    (43) stmt -> . RETURN exp SCOLON
    (44) stmt -> . BREAK SCOLON
    (45) stmt -> . CONTINUE SCOLON
    (49) decl -> . LET ID typedecl ATTRIB exp SCOLON
    (50) decl -> . LET MUT ID typedecl ATTRIB exp SCOLON
    (51) decl -> . CONST ID COLON type ATTRIB exp SCOLON
    (54) exp -> . exp_assign
    (46) ifr -> . IF exp LBRACE stmts RBRACE
    (47) ifr -> . IF exp LBRACE stmts RBRACE ELSE LBRACE stmts RBRACE
    (48) ifr -> . IF exp LBRACE stmts RBRACE ELSE ifr
    (55) exp_assign -> . ID ATTRIB exp_assign
    (56) exp_assign -> . ID PLUSATTRIB exp_assign
    (57) exp_assign -> . ID MINUSATTRIB exp_assign
    (58) exp_assign -> . ID TIMESATTRIB exp_assign
    (59) exp_assign -> . ID DIVIDEATTRIB exp_assign
    (60) exp_assign -> . exp_or
    (61) exp_or -> . exp_or LOGOR exp_and
    (62) exp_or -> . exp_and
    (63) exp_and -> . exp_and LOGAND exp_rel
    (64) exp_and -> . exp_rel
    (65) exp_rel -> . exp_bitor EQUALS exp_bitor
    (66) exp_rel -> . exp_bitor NEQUALS exp_bitor
    (67) exp_rel -> . exp_bitor LESS exp_bitor
    (68) exp_rel -> . exp_bitor GRTR exp_bitor
    (69) exp_rel -> . exp_bitor LESSEQ exp_bitor
    (70) exp_rel -> . exp_bitor GRTREQ exp_bitor
    (71) exp_rel -> . exp_bitor
    (72) exp_bitor -> . exp_bitor BITOR exp_bitxor
    (73) exp_bitor -> . exp_bitxor
    (74) exp_bitxor -> . exp_bitxor BITXOR exp_bitand
    (75) exp_bitxor -> . exp_bitand
    (76) exp_bitand -> . exp_bitand BITAND exp_shift
    (77) exp_bitand -> . exp_shift
    (78) exp_shift -> . exp_shift LSHIFT exp_add
    (79) exp_shift -> . exp_shift RSHIFT exp_add
    (80) exp_shift -> . exp_add
    (81) exp_add -> . exp_add PLUS exp_mul
    (82) exp_add -> . exp_add MINUS exp_mul
    (83) exp_add -> . exp_mul
    (84) exp_mul -> . exp_mul TIMES exp_unary
    (85) exp_mul -> . exp_mul DIVIDE exp_unary
    (86) exp_mul -> . exp_mul MODL exp_unary
    (87) exp_mul -> . exp_unary
    (88) exp_unary -> . LOGNOT exp_unary
    (89) exp_unary -> . MINUS exp_unary
    (90) exp_unary -> . exp_primary
    (91) exp_primary -> . call
    (92) exp_primary -> . NUMBER
    (93) exp_primary -> . ID
    (94) exp_primary -> . STRING
    (95) exp_primary -> . TRUE
    (96) exp_primary -> . FALSE
    (97) exp_primary -> . LPAREN exp RPAREN
    (98) exp_primary -> . LBRACE stmts exp RBRACE
    (99) exp_primary -> . LBRACE stmts RBRACE
    (100) call -> . ID LPAREN args RPAREN
    (101) call -> . ID LPAREN RPAREN

    LOOP            shift and go to state 28
    WHILE           shift and go to state 29
    RETURN          shift and go to state 30
    BREAK           shift and go to state 31
    CONTINUE        shift and go to state 32
    LET             shift and go to state 10
    CONST           shift and go to state 11
    IF              shift and go to state 35
    ID              shift and go to state 33
    LOGNOT          shift and go to state 47
    MINUS           shift and go to state 45
    NUMBER          shift and go to state 50
    STRING          shift and go to state 51
    TRUE            shift and go to state 52
    FALSE           shift and go to state 53
    LPAREN          shift and go to state 54
    LBRACE          shift and go to state 22

    stmts                          shift and go to state 23
    stmt                           shift and go to state 24
    decl                           shift and go to state 25
    exp                            shift and go to state 26
    ifr                            shift and go to state 27
    exp_assign                     shift and go to state 34
    exp_or                         shift and go to state 36
    exp_and                        shift and go to state 37
    exp_rel                        shift and go to state 38
    exp_bitor                      shift and go to state 39
    exp_bitxor                     shift and go to state 40
    exp_bitand                     shift and go to state 41
    exp_shift                      shift and go to state 42
    exp_add                        shift and go to state 43
    exp_mul                        shift and go to state 44
    exp_unary                      shift and go to state 46
    exp_primary                    shift and go to state 48
    call                           shift and go to state 49

state 16

    (19) structdecl -> STRUCT ID . LBRACE structfields RBRACE

    LBRACE          shift and go to state 55


state 17

    (23) traitdecl -> TRAIT ID . LBRACE traitbody RBRACE

    LBRACE          shift and go to state 56


state 18

    (49) decl -> LET ID . typedecl ATTRIB exp SCOLON
    (52) typedecl -> . COLON type
    (53) typedecl -> .

    COLON           shift and go to state 58
    ATTRIB          reduce using rule 53 (typedecl -> .)

    typedecl                       shift and go to state 57

state 19

    (50) decl -> LET MUT . ID typedecl ATTRIB exp SCOLON

    ID              shift and go to state 59


state 20

    (51) decl -> CONST ID . COLON type ATTRIB exp SCOLON

    COLON           shift and go to state 60


state 21

    (8) signature -> FN ID . signaturei
    (9) signaturei -> . signaturep
    (10) signaturei -> . signaturenp
    (11) signaturep -> . LPAREN sigparams RPAREN ARROW type
    (12) signaturep -> . LPAREN sigparams RPAREN
    (13) signaturenp -> . LPAREN RPAREN ARROW type
    (14) signaturenp -> . LPAREN RPAREN

    LPAREN          shift and go to state 64

    signaturei                     shift and go to state 61
    signaturep                     shift and go to state 62
    signaturenp                    shift and go to state 63

state 22

    (98) exp_primary -> LBRACE . stmts exp RBRACE
    (99) exp_primary -> LBRACE . stmts RBRACE
    (36) stmts -> . stmt
    (37) stmts -> . stmt stmts
    (38) stmt -> . decl
    (39) stmt -> . exp SCOLON
    (40) stmt -> . ifr
    (41) stmt -> . LOOP LBRACE stmts RBRACE
    (42) stmt -> . WHILE exp LBRACE stmts RBRACE
    (43) stmt -> . RETURN exp SCOLON
    (44) stmt -> . BREAK SCOLON
    (45) stmt -> . CONTINUE SCOLON
    (49) decl -> . LET ID typedecl ATTRIB exp SCOLON
    (50) decl -> . LET MUT ID typedecl ATTRIB exp SCOLON
    (51) decl -> . CONST ID COLON type ATTRIB exp SCOLON
    (54) exp -> . exp_assign
    (46) ifr -> . IF exp LBRACE stmts RBRACE
    (47) ifr -> . IF exp LBRACE stmts RBRACE ELSE LBRACE stmts RBRACE
    (48) ifr -> . IF exp LBRACE stmts RBRACE ELSE ifr
    (55) exp_assign -> . ID ATTRIB exp_assign
    (56) exp_assign -> . ID PLUSATTRIB exp_assign
    (57) exp_assign -> . ID MINUSATTRIB exp_assign
    (58) exp_assign -> . ID TIMESATTRIB exp_assign
    (59) exp_assign -> . ID DIVIDEATTRIB exp_assign
    (60) exp_assign -> . exp_or
    (61) exp_or -> . exp_or LOGOR exp_and
    (62) exp_or -> . exp_and
    (63) exp_and -> . exp_and LOGAND exp_rel
    (64) exp_and -> . exp_rel
    (65) exp_rel -> . exp_bitor EQUALS exp_bitor
    (66) exp_rel -> . exp_bitor NEQUALS exp_bitor
    (67) exp_rel -> . exp_bitor LESS exp_bitor
    (68) exp_rel -> . exp_bitor GRTR exp_bitor
    (69) exp_rel -> . exp_bitor LESSEQ exp_bitor
    (70) exp_rel -> . exp_bitor GRTREQ exp_bitor
    (71) exp_rel -> . exp_bitor
    (72) exp_bitor -> . exp_bitor BITOR exp_bitxor
    (73) exp_bitor -> . exp_bitxor
    (74) exp_bitxor -> . exp_bitxor BITXOR exp_bitand
    (75) exp_bitxor -> . exp_bitand
    (76) exp_bitand -> . exp_bitand BITAND exp_shift
    (77) exp_bitand -> . exp_shift
    (78) exp_shift -> . exp_shift LSHIFT exp_add
    (79) exp_shift -> . exp_shift RSHIFT exp_add
    (80) exp_shift -> . exp_add
    (81) exp_add -> . exp_add PLUS exp_mul
    (82) exp_add -> . exp_add MINUS exp_mul
    (83) exp_add -> . exp_mul
    (84) exp_mul -> . exp_mul TIMES exp_unary
    (85) exp_mul -> . exp_mul DIVIDE exp_unary
    (86) exp_mul -> . exp_mul MODL exp_unary
    (87) exp_mul -> . exp_unary
    (88) exp_unary -> . LOGNOT exp_unary
    (89) exp_unary -> . MINUS exp_unary
    (90) exp_unary -> . exp_primary
    (91) exp_primary -> . call
    (92) exp_primary -> . NUMBER
    (93) exp_primary -> . ID
    (94) exp_primary -> . STRING
    (95) exp_primary -> . TRUE
    (96) exp_primary -> . FALSE
    (97) exp_primary -> . LPAREN exp RPAREN
    (98) exp_primary -> . LBRACE stmts exp RBRACE
    (99) exp_primary -> . LBRACE stmts RBRACE
    (100) call -> . ID LPAREN args RPAREN
    (101) call -> . ID LPAREN RPAREN

    LOOP            shift and go to state 28
    WHILE           shift and go to state 29
    RETURN          shift and go to state 30
    BREAK           shift and go to state 31
    CONTINUE        shift and go to state 32
    LET             shift and go to state 10
    CONST           shift and go to state 11
    IF              shift and go to state 35
    ID              shift and go to state 33
    LOGNOT          shift and go to state 47
    MINUS           shift and go to state 45
    NUMBER          shift and go to state 50
    STRING          shift and go to state 51
    TRUE            shift and go to state 52
    FALSE           shift and go to state 53
    LPAREN          shift and go to state 54
    LBRACE          shift and go to state 22

    stmts                          shift and go to state 65
    exp                            shift and go to state 26
    stmt                           shift and go to state 24
    decl                           shift and go to state 25
    ifr                            shift and go to state 27
    exp_assign                     shift and go to state 34
    exp_or                         shift and go to state 36
    exp_and                        shift and go to state 37
    exp_rel                        shift and go to state 38
    exp_bitor                      shift and go to state 39
    exp_bitxor                     shift and go to state 40
    exp_bitand                     shift and go to state 41
    exp_shift                      shift and go to state 42
    exp_add                        shift and go to state 43
    exp_mul                        shift and go to state 44
    exp_unary                      shift and go to state 46
    exp_primary                    shift and go to state 48
    call                           shift and go to state 49

state 23

    (18) body -> LBRACE stmts . RBRACE

    RBRACE          shift and go to state 66


state 24

    (36) stmts -> stmt .
    (37) stmts -> stmt . stmts
    (36) stmts -> . stmt
    (37) stmts -> . stmt stmts
    (38) stmt -> . decl
    (39) stmt -> . exp SCOLON
    (40) stmt -> . ifr
    (41) stmt -> . LOOP LBRACE stmts RBRACE
    (42) stmt -> . WHILE exp LBRACE stmts RBRACE
    (43) stmt -> . RETURN exp SCOLON
    (44) stmt -> . BREAK SCOLON
    (45) stmt -> . CONTINUE SCOLON
    (49) decl -> . LET ID typedecl ATTRIB exp SCOLON
    (50) decl -> . LET MUT ID typedecl ATTRIB exp SCOLON
    (51) decl -> . CONST ID COLON type ATTRIB exp SCOLON
    (54) exp -> . exp_assign
    (46) ifr -> . IF exp LBRACE stmts RBRACE
    (47) ifr -> . IF exp LBRACE stmts RBRACE ELSE LBRACE stmts RBRACE
    (48) ifr -> . IF exp LBRACE stmts RBRACE ELSE ifr
    (55) exp_assign -> . ID ATTRIB exp_assign
    (56) exp_assign -> . ID PLUSATTRIB exp_assign
    (57) exp_assign -> . ID MINUSATTRIB exp_assign
    (58) exp_assign -> . ID TIMESATTRIB exp_assign
    (59) exp_assign -> . ID DIVIDEATTRIB exp_assign
    (60) exp_assign -> . exp_or
    (61) exp_or -> . exp_or LOGOR exp_and
    (62) exp_or -> . exp_and
    (63) exp_and -> . exp_and LOGAND exp_rel
    (64) exp_and -> . exp_rel
    (65) exp_rel -> . exp_bitor EQUALS exp_bitor
    (66) exp_rel -> . exp_bitor NEQUALS exp_bitor
    (67) exp_rel -> . exp_bitor LESS exp_bitor
    (68) exp_rel -> . exp_bitor GRTR exp_bitor
    (69) exp_rel -> . exp_bitor LESSEQ exp_bitor
    (70) exp_rel -> . exp_bitor GRTREQ exp_bitor
    (71) exp_rel -> . exp_bitor
    (72) exp_bitor -> . exp_bitor BITOR exp_bitxor
    (73) exp_bitor -> . exp_bitxor
    (74) exp_bitxor -> . exp_bitxor BITXOR exp_bitand
    (75) exp_bitxor -> . exp_bitand
    (76) exp_bitand -> . exp_bitand BITAND exp_shift
    (77) exp_bitand -> . exp_shift
    (78) exp_shift -> . exp_shift LSHIFT exp_add
    (79) exp_shift -> . exp_shift RSHIFT exp_add
    (80) exp_shift -> . exp_add
    (81) exp_add -> . exp_add PLUS exp_mul
    (82) exp_add -> . exp_add MINUS exp_mul
    (83) exp_add -> . exp_mul
    (84) exp_mul -> . exp_mul TIMES exp_unary
    (85) exp_mul -> . exp_mul DIVIDE exp_unary
    (86) exp_mul -> . exp_mul MODL exp_unary
    (87) exp_mul -> . exp_unary
    (88) exp_unary -> . LOGNOT exp_unary
    (89) exp_unary -> . MINUS exp_unary
    (90) exp_unary -> . exp_primary
    (91) exp_primary -> . call
    (92) exp_primary -> . NUMBER
    (93) exp_primary -> . ID
    (94) exp_primary -> . STRING
    (95) exp_primary -> . TRUE
    (96) exp_primary -> . FALSE
    (97) exp_primary -> . LPAREN exp RPAREN
    (98) exp_primary -> . LBRACE stmts exp RBRACE
    (99) exp_primary -> . LBRACE stmts RBRACE
    (100) call -> . ID LPAREN args RPAREN
    (101) call -> . ID LPAREN RPAREN

  ! shift/reduce conflict for ID resolved as shift
  ! shift/reduce conflict for LOGNOT resolved as shift
  ! shift/reduce conflict for MINUS resolved as shift
  ! shift/reduce conflict for NUMBER resolved as shift
  ! shift/reduce conflict for STRING resolved as shift
  ! shift/reduce conflict for TRUE resolved as shift
  ! shift/reduce conflict for FALSE resolved as shift
  ! shift/reduce conflict for LPAREN resolved as shift
  ! shift/reduce conflict for LBRACE resolved as shift
    RBRACE          reduce using rule 36 (stmts -> stmt .)
    LOOP            shift and go to state 28
    WHILE           shift and go to state 29
    RETURN          shift and go to state 30
    BREAK           shift and go to state 31
    CONTINUE        shift and go to state 32
    LET             shift and go to state 10
    CONST           shift and go to state 11
    IF              shift and go to state 35
    ID              shift and go to state 33
    LOGNOT          shift and go to state 47
    MINUS           shift and go to state 45
    NUMBER          shift and go to state 50
    STRING          shift and go to state 51
    TRUE            shift and go to state 52
    FALSE           shift and go to state 53
    LPAREN          shift and go to state 54
    LBRACE          shift and go to state 22

  ! ID              [ reduce using rule 36 (stmts -> stmt .) ]
  ! LOGNOT          [ reduce using rule 36 (stmts -> stmt .) ]
  ! MINUS           [ reduce using rule 36 (stmts -> stmt .) ]
  ! NUMBER          [ reduce using rule 36 (stmts -> stmt .) ]
  ! STRING          [ reduce using rule 36 (stmts -> stmt .) ]
  ! TRUE            [ reduce using rule 36 (stmts -> stmt .) ]
  ! FALSE           [ reduce using rule 36 (stmts -> stmt .) ]
  ! LPAREN          [ reduce using rule 36 (stmts -> stmt .) ]
  ! LBRACE          [ reduce using rule 36 (stmts -> stmt .) ]

    stmt                           shift and go to state 24
    stmts                          shift and go to state 67
    decl                           shift and go to state 25
    exp                            shift and go to state 26
    ifr                            shift and go to state 27
    exp_assign                     shift and go to state 34
    exp_or                         shift and go to state 36
    exp_and                        shift and go to state 37
    exp_rel                        shift and go to state 38
    exp_bitor                      shift and go to state 39
    exp_bitxor                     shift and go to state 40
    exp_bitand                     shift and go to state 41
    exp_shift                      shift and go to state 42
    exp_add                        shift and go to state 43
    exp_mul                        shift and go to state 44
    exp_unary                      shift and go to state 46
    exp_primary                    shift and go to state 48
    call                           shift and go to state 49

state 25

    (38) stmt -> decl .

    LOOP            reduce using rule 38 (stmt -> decl .)
    WHILE           reduce using rule 38 (stmt -> decl .)
    RETURN          reduce using rule 38 (stmt -> decl .)
    BREAK           reduce using rule 38 (stmt -> decl .)
    CONTINUE        reduce using rule 38 (stmt -> decl .)
    LET             reduce using rule 38 (stmt -> decl .)
    CONST           reduce using rule 38 (stmt -> decl .)
    IF              reduce using rule 38 (stmt -> decl .)
    ID              reduce using rule 38 (stmt -> decl .)
    LOGNOT          reduce using rule 38 (stmt -> decl .)
    MINUS           reduce using rule 38 (stmt -> decl .)
    NUMBER          reduce using rule 38 (stmt -> decl .)
    STRING          reduce using rule 38 (stmt -> decl .)
    TRUE            reduce using rule 38 (stmt -> decl .)
    FALSE           reduce using rule 38 (stmt -> decl .)
    LPAREN          reduce using rule 38 (stmt -> decl .)
    LBRACE          reduce using rule 38 (stmt -> decl .)
    RBRACE          reduce using rule 38 (stmt -> decl .)


state 26

    (39) stmt -> exp . SCOLON

    SCOLON          shift and go to state 68


state 27

    (40) stmt -> ifr .

    LOOP            reduce using rule 40 (stmt -> ifr .)
    WHILE           reduce using rule 40 (stmt -> ifr .)
    RETURN          reduce using rule 40 (stmt -> ifr .)
    BREAK           reduce using rule 40 (stmt -> ifr .)
    CONTINUE        reduce using rule 40 (stmt -> ifr .)
    LET             reduce using rule 40 (stmt -> ifr .)
    CONST           reduce using rule 40 (stmt -> ifr .)
    IF              reduce using rule 40 (stmt -> ifr .)
    ID              reduce using rule 40 (stmt -> ifr .)
    LOGNOT          reduce using rule 40 (stmt -> ifr .)
    MINUS           reduce using rule 40 (stmt -> ifr .)
    NUMBER          reduce using rule 40 (stmt -> ifr .)
    STRING          reduce using rule 40 (stmt -> ifr .)
    TRUE            reduce using rule 40 (stmt -> ifr .)
    FALSE           reduce using rule 40 (stmt -> ifr .)
    LPAREN          reduce using rule 40 (stmt -> ifr .)
    LBRACE          reduce using rule 40 (stmt -> ifr .)
    RBRACE          reduce using rule 40 (stmt -> ifr .)


state 28

    (41) stmt -> LOOP . LBRACE stmts RBRACE

    LBRACE          shift and go to state 69


state 29

    (42) stmt -> WHILE . exp LBRACE stmts RBRACE
    (54) exp -> . exp_assign
    (55) exp_assign -> . ID ATTRIB exp_assign
    (56) exp_assign -> . ID PLUSATTRIB exp_assign
    (57) exp_assign -> . ID MINUSATTRIB exp_assign
    (58) exp_assign -> . ID TIMESATTRIB exp_assign
    (59) exp_assign -> . ID DIVIDEATTRIB exp_assign
    (60) exp_assign -> . exp_or
    (61) exp_or -> . exp_or LOGOR exp_and
    (62) exp_or -> . exp_and
    (63) exp_and -> . exp_and LOGAND exp_rel
    (64) exp_and -> . exp_rel
    (65) exp_rel -> . exp_bitor EQUALS exp_bitor
    (66) exp_rel -> . exp_bitor NEQUALS exp_bitor
    (67) exp_rel -> . exp_bitor LESS exp_bitor
    (68) exp_rel -> . exp_bitor GRTR exp_bitor
    (69) exp_rel -> . exp_bitor LESSEQ exp_bitor
    (70) exp_rel -> . exp_bitor GRTREQ exp_bitor
    (71) exp_rel -> . exp_bitor
    (72) exp_bitor -> . exp_bitor BITOR exp_bitxor
    (73) exp_bitor -> . exp_bitxor
    (74) exp_bitxor -> . exp_bitxor BITXOR exp_bitand
    (75) exp_bitxor -> . exp_bitand
    (76) exp_bitand -> . exp_bitand BITAND exp_shift
    (77) exp_bitand -> . exp_shift
    (78) exp_shift -> . exp_shift LSHIFT exp_add
    (79) exp_shift -> . exp_shift RSHIFT exp_add
    (80) exp_shift -> . exp_add
    (81) exp_add -> . exp_add PLUS exp_mul
    (82) exp_add -> . exp_add MINUS exp_mul
    (83) exp_add -> . exp_mul
    (84) exp_mul -> . exp_mul TIMES exp_unary
    (85) exp_mul -> . exp_mul DIVIDE exp_unary
    (86) exp_mul -> . exp_mul MODL exp_unary
    (87) exp_mul -> . exp_unary
    (88) exp_unary -> . LOGNOT exp_unary
    (89) exp_unary -> . MINUS exp_unary
    (90) exp_unary -> . exp_primary
    (91) exp_primary -> . call
    (92) exp_primary -> . NUMBER
    (93) exp_primary -> . ID
    (94) exp_primary -> . STRING
    (95) exp_primary -> . TRUE
    (96) exp_primary -> . FALSE
    (97) exp_primary -> . LPAREN exp RPAREN
    (98) exp_primary -> . LBRACE stmts exp RBRACE
    (99) exp_primary -> . LBRACE stmts RBRACE
    (100) call -> . ID LPAREN args RPAREN
    (101) call -> . ID LPAREN RPAREN

    ID              shift and go to state 33
    LOGNOT          shift and go to state 47
    MINUS           shift and go to state 45
    NUMBER          shift and go to state 50
    STRING          shift and go to state 51
    TRUE            shift and go to state 52
    FALSE           shift and go to state 53
    LPAREN          shift and go to state 54
    LBRACE          shift and go to state 22

    exp                            shift and go to state 70
    exp_assign                     shift and go to state 34
    exp_or                         shift and go to state 36
    exp_and                        shift and go to state 37
    exp_rel                        shift and go to state 38
    exp_bitor                      shift and go to state 39
    exp_bitxor                     shift and go to state 40
    exp_bitand                     shift and go to state 41
    exp_shift                      shift and go to state 42
    exp_add                        shift and go to state 43
    exp_mul                        shift and go to state 44
    exp_unary                      shift and go to state 46
    exp_primary                    shift and go to state 48
    call                           shift and go to state 49

state 30

    (43) stmt -> RETURN . exp SCOLON
    (54) exp -> . exp_assign
    (55) exp_assign -> . ID ATTRIB exp_assign
    (56) exp_assign -> . ID PLUSATTRIB exp_assign
    (57) exp_assign -> . ID MINUSATTRIB exp_assign
    (58) exp_assign -> . ID TIMESATTRIB exp_assign
    (59) exp_assign -> . ID DIVIDEATTRIB exp_assign
    (60) exp_assign -> . exp_or
    (61) exp_or -> . exp_or LOGOR exp_and
    (62) exp_or -> . exp_and
    (63) exp_and -> . exp_and LOGAND exp_rel
    (64) exp_and -> . exp_rel
    (65) exp_rel -> . exp_bitor EQUALS exp_bitor
    (66) exp_rel -> . exp_bitor NEQUALS exp_bitor
    (67) exp_rel -> . exp_bitor LESS exp_bitor
    (68) exp_rel -> . exp_bitor GRTR exp_bitor
    (69) exp_rel -> . exp_bitor LESSEQ exp_bitor
    (70) exp_rel -> . exp_bitor GRTREQ exp_bitor
    (71) exp_rel -> . exp_bitor
    (72) exp_bitor -> . exp_bitor BITOR exp_bitxor
    (73) exp_bitor -> . exp_bitxor
    (74) exp_bitxor -> . exp_bitxor BITXOR exp_bitand
    (75) exp_bitxor -> . exp_bitand
    (76) exp_bitand -> . exp_bitand BITAND exp_shift
    (77) exp_bitand -> . exp_shift
    (78) exp_shift -> . exp_shift LSHIFT exp_add
    (79) exp_shift -> . exp_shift RSHIFT exp_add
    (80) exp_shift -> . exp_add
    (81) exp_add -> . exp_add PLUS exp_mul
    (82) exp_add -> . exp_add MINUS exp_mul
    (83) exp_add -> . exp_mul
    (84) exp_mul -> . exp_mul TIMES exp_unary
    (85) exp_mul -> . exp_mul DIVIDE exp_unary
    (86) exp_mul -> . exp_mul MODL exp_unary
    (87) exp_mul -> . exp_unary
    (88) exp_unary -> . LOGNOT exp_unary
    (89) exp_unary -> . MINUS exp_unary
    (90) exp_unary -> . exp_primary
    (91) exp_primary -> . call
    (92) exp_primary -> . NUMBER
    (93) exp_primary -> . ID
    (94) exp_primary -> . STRING
    (95) exp_primary -> . TRUE
    (96) exp_primary -> . FALSE
    (97) exp_primary -> . LPAREN exp RPAREN
    (98) exp_primary -> . LBRACE stmts exp RBRACE
    (99) exp_primary -> . LBRACE stmts RBRACE
    (100) call -> . ID LPAREN args RPAREN
    (101) call -> . ID LPAREN RPAREN

    ID              shift and go to state 33
    LOGNOT          shift and go to state 47
    MINUS           shift and go to state 45
    NUMBER          shift and go to state 50
    STRING          shift and go to state 51
    TRUE            shift and go to state 52
    FALSE           shift and go to state 53
    LPAREN          shift and go to state 54
    LBRACE          shift and go to state 22

    exp                            shift and go to state 71
    exp_assign                     shift and go to state 34
    exp_or                         shift and go to state 36
    exp_and                        shift and go to state 37
    exp_rel                        shift and go to state 38
    exp_bitor                      shift and go to state 39
    exp_bitxor                     shift and go to state 40
    exp_bitand                     shift and go to state 41
    exp_shift                      shift and go to state 42
    exp_add                        shift and go to state 43
    exp_mul                        shift and go to state 44
    exp_unary                      shift and go to state 46
    exp_primary                    shift and go to state 48
    call                           shift and go to state 49

state 31

    (44) stmt -> BREAK . SCOLON

    SCOLON          shift and go to state 72


state 32

    (45) stmt -> CONTINUE . SCOLON

    SCOLON          shift and go to state 73


state 33

    (55) exp_assign -> ID . ATTRIB exp_assign
    (56) exp_assign -> ID . PLUSATTRIB exp_assign
    (57) exp_assign -> ID . MINUSATTRIB exp_assign
    (58) exp_assign -> ID . TIMESATTRIB exp_assign
    (59) exp_assign -> ID . DIVIDEATTRIB exp_assign
    (93) exp_primary -> ID .
    (100) call -> ID . LPAREN args RPAREN
    (101) call -> ID . LPAREN RPAREN

    ATTRIB          shift and go to state 74
    PLUSATTRIB      shift and go to state 75
    MINUSATTRIB     shift and go to state 76
    TIMESATTRIB     shift and go to state 77
    DIVIDEATTRIB    shift and go to state 78
    TIMES           reduce using rule 93 (exp_primary -> ID .)
    DIVIDE          reduce using rule 93 (exp_primary -> ID .)
    MODL            reduce using rule 93 (exp_primary -> ID .)
    PLUS            reduce using rule 93 (exp_primary -> ID .)
    MINUS           reduce using rule 93 (exp_primary -> ID .)
    LSHIFT          reduce using rule 93 (exp_primary -> ID .)
    RSHIFT          reduce using rule 93 (exp_primary -> ID .)
    BITAND          reduce using rule 93 (exp_primary -> ID .)
    BITXOR          reduce using rule 93 (exp_primary -> ID .)
    EQUALS          reduce using rule 93 (exp_primary -> ID .)
    NEQUALS         reduce using rule 93 (exp_primary -> ID .)
    LESS            reduce using rule 93 (exp_primary -> ID .)
    GRTR            reduce using rule 93 (exp_primary -> ID .)
    LESSEQ          reduce using rule 93 (exp_primary -> ID .)
    GRTREQ          reduce using rule 93 (exp_primary -> ID .)
    BITOR           reduce using rule 93 (exp_primary -> ID .)
    LOGAND          reduce using rule 93 (exp_primary -> ID .)
    LOGOR           reduce using rule 93 (exp_primary -> ID .)
    SCOLON          reduce using rule 93 (exp_primary -> ID .)
    LBRACE          reduce using rule 93 (exp_primary -> ID .)
    RPAREN          reduce using rule 93 (exp_primary -> ID .)
    RBRACE          reduce using rule 93 (exp_primary -> ID .)
    COMMA           reduce using rule 93 (exp_primary -> ID .)
    LPAREN          shift and go to state 79


state 34

    (54) exp -> exp_assign .

    SCOLON          reduce using rule 54 (exp -> exp_assign .)
    LBRACE          reduce using rule 54 (exp -> exp_assign .)
    RPAREN          reduce using rule 54 (exp -> exp_assign .)
    RBRACE          reduce using rule 54 (exp -> exp_assign .)
    COMMA           reduce using rule 54 (exp -> exp_assign .)


state 35

    (46) ifr -> IF . exp LBRACE stmts RBRACE
    (47) ifr -> IF . exp LBRACE stmts RBRACE ELSE LBRACE stmts RBRACE
    (48) ifr -> IF . exp LBRACE stmts RBRACE ELSE ifr
    (54) exp -> . exp_assign
    (55) exp_assign -> . ID ATTRIB exp_assign
    (56) exp_assign -> . ID PLUSATTRIB exp_assign
    (57) exp_assign -> . ID MINUSATTRIB exp_assign
    (58) exp_assign -> . ID TIMESATTRIB exp_assign
    (59) exp_assign -> . ID DIVIDEATTRIB exp_assign
    (60) exp_assign -> . exp_or
    (61) exp_or -> . exp_or LOGOR exp_and
    (62) exp_or -> . exp_and
    (63) exp_and -> . exp_and LOGAND exp_rel
    (64) exp_and -> . exp_rel
    (65) exp_rel -> . exp_bitor EQUALS exp_bitor
    (66) exp_rel -> . exp_bitor NEQUALS exp_bitor
    (67) exp_rel -> . exp_bitor LESS exp_bitor
    (68) exp_rel -> . exp_bitor GRTR exp_bitor
    (69) exp_rel -> . exp_bitor LESSEQ exp_bitor
    (70) exp_rel -> . exp_bitor GRTREQ exp_bitor
    (71) exp_rel -> . exp_bitor
    (72) exp_bitor -> . exp_bitor BITOR exp_bitxor
    (73) exp_bitor -> . exp_bitxor
    (74) exp_bitxor -> . exp_bitxor BITXOR exp_bitand
    (75) exp_bitxor -> . exp_bitand
    (76) exp_bitand -> . exp_bitand BITAND exp_shift
    (77) exp_bitand -> . exp_shift
    (78) exp_shift -> . exp_shift LSHIFT exp_add
    (79) exp_shift -> . exp_shift RSHIFT exp_add
    (80) exp_shift -> . exp_add
    (81) exp_add -> . exp_add PLUS exp_mul
    (82) exp_add -> . exp_add MINUS exp_mul
    (83) exp_add -> . exp_mul
    (84) exp_mul -> . exp_mul TIMES exp_unary
    (85) exp_mul -> . exp_mul DIVIDE exp_unary
    (86) exp_mul -> . exp_mul MODL exp_unary
    (87) exp_mul -> . exp_unary
    (88) exp_unary -> . LOGNOT exp_unary
    (89) exp_unary -> . MINUS exp_unary
    (90) exp_unary -> . exp_primary
    (91) exp_primary -> . call
    (92) exp_primary -> . NUMBER
    (93) exp_primary -> . ID
    (94) exp_primary -> . STRING
    (95) exp_primary -> . TRUE
    (96) exp_primary -> . FALSE
    (97) exp_primary -> . LPAREN exp RPAREN
    (98) exp_primary -> . LBRACE stmts exp RBRACE
    (99) exp_primary -> . LBRACE stmts RBRACE
    (100) call -> . ID LPAREN args RPAREN
    (101) call -> . ID LPAREN RPAREN

    ID              shift and go to state 33
    LOGNOT          shift and go to state 47
    MINUS           shift and go to state 45
    NUMBER          shift and go to state 50
    STRING          shift and go to state 51
    TRUE            shift and go to state 52
    FALSE           shift and go to state 53
    LPAREN          shift and go to state 54
    LBRACE          shift and go to state 22

    exp                            shift and go to state 80
    exp_assign                     shift and go to state 34
    exp_or                         shift and go to state 36
    exp_and                        shift and go to state 37
    exp_rel                        shift and go to state 38
    exp_bitor                      shift and go to state 39
    exp_bitxor                     shift and go to state 40
    exp_bitand                     shift and go to state 41
    exp_shift                      shift and go to state 42
    exp_add                        shift and go to state 43
    exp_mul                        shift and go to state 44
    exp_unary                      shift and go to state 46
    exp_primary                    shift and go to state 48
    call                           shift and go to state 49

state 36

    (60) exp_assign -> exp_or .
    (61) exp_or -> exp_or . LOGOR exp_and

    SCOLON          reduce using rule 60 (exp_assign -> exp_or .)
    LBRACE          reduce using rule 60 (exp_assign -> exp_or .)
    RPAREN          reduce using rule 60 (exp_assign -> exp_or .)
    RBRACE          reduce using rule 60 (exp_assign -> exp_or .)
    COMMA           reduce using rule 60 (exp_assign -> exp_or .)
    LOGOR           shift and go to state 81


state 37

    (62) exp_or -> exp_and .
    (63) exp_and -> exp_and . LOGAND exp_rel

    LOGOR           reduce using rule 62 (exp_or -> exp_and .)
    SCOLON          reduce using rule 62 (exp_or -> exp_and .)
    LBRACE          reduce using rule 62 (exp_or -> exp_and .)
    RPAREN          reduce using rule 62 (exp_or -> exp_and .)
    RBRACE          reduce using rule 62 (exp_or -> exp_and .)
    COMMA           reduce using rule 62 (exp_or -> exp_and .)
    LOGAND          shift and go to state 82


state 38

    (64) exp_and -> exp_rel .

    LOGAND          reduce using rule 64 (exp_and -> exp_rel .)
    LOGOR           reduce using rule 64 (exp_and -> exp_rel .)
    SCOLON          reduce using rule 64 (exp_and -> exp_rel .)
    LBRACE          reduce using rule 64 (exp_and -> exp_rel .)
    RPAREN          reduce using rule 64 (exp_and -> exp_rel .)
    RBRACE          reduce using rule 64 (exp_and -> exp_rel .)
    COMMA           reduce using rule 64 (exp_and -> exp_rel .)


state 39

    (65) exp_rel -> exp_bitor . EQUALS exp_bitor
    (66) exp_rel -> exp_bitor . NEQUALS exp_bitor
    (67) exp_rel -> exp_bitor . LESS exp_bitor
    (68) exp_rel -> exp_bitor . GRTR exp_bitor
    (69) exp_rel -> exp_bitor . LESSEQ exp_bitor
    (70) exp_rel -> exp_bitor . GRTREQ exp_bitor
    (71) exp_rel -> exp_bitor .
    (72) exp_bitor -> exp_bitor . BITOR exp_bitxor

    EQUALS          shift and go to state 83
    NEQUALS         shift and go to state 84
    LESS            shift and go to state 85
    GRTR            shift and go to state 86
    LESSEQ          shift and go to state 87
    GRTREQ          shift and go to state 88
    LOGAND          reduce using rule 71 (exp_rel -> exp_bitor .)
    LOGOR           reduce using rule 71 (exp_rel -> exp_bitor .)
    SCOLON          reduce using rule 71 (exp_rel -> exp_bitor .)
    LBRACE          reduce using rule 71 (exp_rel -> exp_bitor .)
    RPAREN          reduce using rule 71 (exp_rel -> exp_bitor .)
    RBRACE          reduce using rule 71 (exp_rel -> exp_bitor .)
    COMMA           reduce using rule 71 (exp_rel -> exp_bitor .)
    BITOR           shift and go to state 89


state 40

    (73) exp_bitor -> exp_bitxor .
    (74) exp_bitxor -> exp_bitxor . BITXOR exp_bitand

    EQUALS          reduce using rule 73 (exp_bitor -> exp_bitxor .)
    NEQUALS         reduce using rule 73 (exp_bitor -> exp_bitxor .)
    LESS            reduce using rule 73 (exp_bitor -> exp_bitxor .)
    GRTR            reduce using rule 73 (exp_bitor -> exp_bitxor .)
    LESSEQ          reduce using rule 73 (exp_bitor -> exp_bitxor .)
    GRTREQ          reduce using rule 73 (exp_bitor -> exp_bitxor .)
    BITOR           reduce using rule 73 (exp_bitor -> exp_bitxor .)
    LOGAND          reduce using rule 73 (exp_bitor -> exp_bitxor .)
    LOGOR           reduce using rule 73 (exp_bitor -> exp_bitxor .)
    SCOLON          reduce using rule 73 (exp_bitor -> exp_bitxor .)
    LBRACE          reduce using rule 73 (exp_bitor -> exp_bitxor .)
    RPAREN          reduce using rule 73 (exp_bitor -> exp_bitxor .)
    RBRACE          reduce using rule 73 (exp_bitor -> exp_bitxor .)
    COMMA           reduce using rule 73 (exp_bitor -> exp_bitxor .)
    BITXOR          shift and go to state 90


state 41

    (75) exp_bitxor -> exp_bitand .
    (76) exp_bitand -> exp_bitand . BITAND exp_shift

    BITXOR          reduce using rule 75 (exp_bitxor -> exp_bitand .)
    EQUALS          reduce using rule 75 (exp_bitxor -> exp_bitand .)
    NEQUALS         reduce using rule 75 (exp_bitxor -> exp_bitand .)
    LESS            reduce using rule 75 (exp_bitxor -> exp_bitand .)
    GRTR            reduce using rule 75 (exp_bitxor -> exp_bitand .)
    LESSEQ          reduce using rule 75 (exp_bitxor -> exp_bitand .)
    GRTREQ          reduce using rule 75 (exp_bitxor -> exp_bitand .)
    BITOR           reduce using rule 75 (exp_bitxor -> exp_bitand .)
    LOGAND          reduce using rule 75 (exp_bitxor -> exp_bitand .)
    LOGOR           reduce using rule 75 (exp_bitxor -> exp_bitand .)
    SCOLON          reduce using rule 75 (exp_bitxor -> exp_bitand .)
    LBRACE          reduce using rule 75 (exp_bitxor -> exp_bitand .)
    RPAREN          reduce using rule 75 (exp_bitxor -> exp_bitand .)
    RBRACE          reduce using rule 75 (exp_bitxor -> exp_bitand .)
    COMMA           reduce using rule 75 (exp_bitxor -> exp_bitand .)
    BITAND          shift and go to state 91


state 42

    (77) exp_bitand -> exp_shift .
    (78) exp_shift -> exp_shift . LSHIFT exp_add
    (79) exp_shift -> exp_shift . RSHIFT exp_add

    BITAND          reduce using rule 77 (exp_bitand -> exp_shift .)
    BITXOR          reduce using rule 77 (exp_bitand -> exp_shift .)
    EQUALS          reduce using rule 77 (exp_bitand -> exp_shift .)
    NEQUALS         reduce using rule 77 (exp_bitand -> exp_shift .)
    LESS            reduce using rule 77 (exp_bitand -> exp_shift .)
    GRTR            reduce using rule 77 (exp_bitand -> exp_shift .)
    LESSEQ          reduce using rule 77 (exp_bitand -> exp_shift .)
    GRTREQ          reduce using rule 77 (exp_bitand -> exp_shift .)
    BITOR           reduce using rule 77 (exp_bitand -> exp_shift .)
    LOGAND          reduce using rule 77 (exp_bitand -> exp_shift .)
    LOGOR           reduce using rule 77 (exp_bitand -> exp_shift .)
    SCOLON          reduce using rule 77 (exp_bitand -> exp_shift .)
    LBRACE          reduce using rule 77 (exp_bitand -> exp_shift .)
    RPAREN          reduce using rule 77 (exp_bitand -> exp_shift .)
    RBRACE          reduce using rule 77 (exp_bitand -> exp_shift .)
    COMMA           reduce using rule 77 (exp_bitand -> exp_shift .)
    LSHIFT          shift and go to state 92
    RSHIFT          shift and go to state 93


state 43

    (80) exp_shift -> exp_add .
    (81) exp_add -> exp_add . PLUS exp_mul
    (82) exp_add -> exp_add . MINUS exp_mul

    LSHIFT          reduce using rule 80 (exp_shift -> exp_add .)
    RSHIFT          reduce using rule 80 (exp_shift -> exp_add .)
    BITAND          reduce using rule 80 (exp_shift -> exp_add .)
    BITXOR          reduce using rule 80 (exp_shift -> exp_add .)
    EQUALS          reduce using rule 80 (exp_shift -> exp_add .)
    NEQUALS         reduce using rule 80 (exp_shift -> exp_add .)
    LESS            reduce using rule 80 (exp_shift -> exp_add .)
    GRTR            reduce using rule 80 (exp_shift -> exp_add .)
    LESSEQ          reduce using rule 80 (exp_shift -> exp_add .)
    GRTREQ          reduce using rule 80 (exp_shift -> exp_add .)
    BITOR           reduce using rule 80 (exp_shift -> exp_add .)
    LOGAND          reduce using rule 80 (exp_shift -> exp_add .)
    LOGOR           reduce using rule 80 (exp_shift -> exp_add .)
    SCOLON          reduce using rule 80 (exp_shift -> exp_add .)
    LBRACE          reduce using rule 80 (exp_shift -> exp_add .)
    RPAREN          reduce using rule 80 (exp_shift -> exp_add .)
    RBRACE          reduce using rule 80 (exp_shift -> exp_add .)
    COMMA           reduce using rule 80 (exp_shift -> exp_add .)
    PLUS            shift and go to state 94
    MINUS           shift and go to state 95


state 44

    (83) exp_add -> exp_mul .
    (84) exp_mul -> exp_mul . TIMES exp_unary
    (85) exp_mul -> exp_mul . DIVIDE exp_unary
    (86) exp_mul -> exp_mul . MODL exp_unary

    PLUS            reduce using rule 83 (exp_add -> exp_mul .)
    MINUS           reduce using rule 83 (exp_add -> exp_mul .)
    LSHIFT          reduce using rule 83 (exp_add -> exp_mul .)
    RSHIFT          reduce using rule 83 (exp_add -> exp_mul .)
    BITAND          reduce using rule 83 (exp_add -> exp_mul .)
    BITXOR          reduce using rule 83 (exp_add -> exp_mul .)
    EQUALS          reduce using rule 83 (exp_add -> exp_mul .)
    NEQUALS         reduce using rule 83 (exp_add -> exp_mul .)
    LESS            reduce using rule 83 (exp_add -> exp_mul .)
    GRTR            reduce using rule 83 (exp_add -> exp_mul .)
    LESSEQ          reduce using rule 83 (exp_add -> exp_mul .)
    GRTREQ          reduce using rule 83 (exp_add -> exp_mul .)
    BITOR           reduce using rule 83 (exp_add -> exp_mul .)
    LOGAND          reduce using rule 83 (exp_add -> exp_mul .)
    LOGOR           reduce using rule 83 (exp_add -> exp_mul .)
    SCOLON          reduce using rule 83 (exp_add -> exp_mul .)
    LBRACE          reduce using rule 83 (exp_add -> exp_mul .)
    RPAREN          reduce using rule 83 (exp_add -> exp_mul .)
    RBRACE          reduce using rule 83 (exp_add -> exp_mul .)
    COMMA           reduce using rule 83 (exp_add -> exp_mul .)
    TIMES           shift and go to state 96
    DIVIDE          shift and go to state 97
    MODL            shift and go to state 98


state 45

    (89) exp_unary -> MINUS . exp_unary
    (88) exp_unary -> . LOGNOT exp_unary
    (89) exp_unary -> . MINUS exp_unary
    (90) exp_unary -> . exp_primary
    (91) exp_primary -> . call
    (92) exp_primary -> . NUMBER
    (93) exp_primary -> . ID
    (94) exp_primary -> . STRING
    (95) exp_primary -> . TRUE
    (96) exp_primary -> . FALSE
    (97) exp_primary -> . LPAREN exp RPAREN
    (98) exp_primary -> . LBRACE stmts exp RBRACE
    (99) exp_primary -> . LBRACE stmts RBRACE
    (100) call -> . ID LPAREN args RPAREN
    (101) call -> . ID LPAREN RPAREN

    LOGNOT          shift and go to state 47
    MINUS           shift and go to state 45
    NUMBER          shift and go to state 50
    ID              shift and go to state 100
    STRING          shift and go to state 51
    TRUE            shift and go to state 52
    FALSE           shift and go to state 53
    LPAREN          shift and go to state 54
    LBRACE          shift and go to state 22

    exp_unary                      shift and go to state 99
    exp_primary                    shift and go to state 48
    call                           shift and go to state 49

state 46

    (87) exp_mul -> exp_unary .

    TIMES           reduce using rule 87 (exp_mul -> exp_unary .)
    DIVIDE          reduce using rule 87 (exp_mul -> exp_unary .)
    MODL            reduce using rule 87 (exp_mul -> exp_unary .)
    PLUS            reduce using rule 87 (exp_mul -> exp_unary .)
    MINUS           reduce using rule 87 (exp_mul -> exp_unary .)
    LSHIFT          reduce using rule 87 (exp_mul -> exp_unary .)
    RSHIFT          reduce using rule 87 (exp_mul -> exp_unary .)
    BITAND          reduce using rule 87 (exp_mul -> exp_unary .)
    BITXOR          reduce using rule 87 (exp_mul -> exp_unary .)
    EQUALS          reduce using rule 87 (exp_mul -> exp_unary .)
    NEQUALS         reduce using rule 87 (exp_mul -> exp_unary .)
    LESS            reduce using rule 87 (exp_mul -> exp_unary .)
    GRTR            reduce using rule 87 (exp_mul -> exp_unary .)
    LESSEQ          reduce using rule 87 (exp_mul -> exp_unary .)
    GRTREQ          reduce using rule 87 (exp_mul -> exp_unary .)
    BITOR           reduce using rule 87 (exp_mul -> exp_unary .)
    LOGAND          reduce using rule 87 (exp_mul -> exp_unary .)
    LOGOR           reduce using rule 87 (exp_mul -> exp_unary .)
    SCOLON          reduce using rule 87 (exp_mul -> exp_unary .)
    LBRACE          reduce using rule 87 (exp_mul -> exp_unary .)
    RPAREN          reduce using rule 87 (exp_mul -> exp_unary .)
    RBRACE          reduce using rule 87 (exp_mul -> exp_unary .)
    COMMA           reduce using rule 87 (exp_mul -> exp_unary .)


state 47

    (88) exp_unary -> LOGNOT . exp_unary
    (88) exp_unary -> . LOGNOT exp_unary
    (89) exp_unary -> . MINUS exp_unary
    (90) exp_unary -> . exp_primary
    (91) exp_primary -> . call
    (92) exp_primary -> . NUMBER
    (93) exp_primary -> . ID
    (94) exp_primary -> . STRING
    (95) exp_primary -> . TRUE
    (96) exp_primary -> . FALSE
    (97) exp_primary -> . LPAREN exp RPAREN
    (98) exp_primary -> . LBRACE stmts exp RBRACE
    (99) exp_primary -> . LBRACE stmts RBRACE
    (100) call -> . ID LPAREN args RPAREN
    (101) call -> . ID LPAREN RPAREN

    LOGNOT          shift and go to state 47
    MINUS           shift and go to state 45
    NUMBER          shift and go to state 50
    ID              shift and go to state 100
    STRING          shift and go to state 51
    TRUE            shift and go to state 52
    FALSE           shift and go to state 53
    LPAREN          shift and go to state 54
    LBRACE          shift and go to state 22

    exp_unary                      shift and go to state 101
    exp_primary                    shift and go to state 48
    call                           shift and go to state 49

state 48

    (90) exp_unary -> exp_primary .

    TIMES           reduce using rule 90 (exp_unary -> exp_primary .)
    DIVIDE          reduce using rule 90 (exp_unary -> exp_primary .)
    MODL            reduce using rule 90 (exp_unary -> exp_primary .)
    PLUS            reduce using rule 90 (exp_unary -> exp_primary .)
    MINUS           reduce using rule 90 (exp_unary -> exp_primary .)
    LSHIFT          reduce using rule 90 (exp_unary -> exp_primary .)
    RSHIFT          reduce using rule 90 (exp_unary -> exp_primary .)
    BITAND          reduce using rule 90 (exp_unary -> exp_primary .)
    BITXOR          reduce using rule 90 (exp_unary -> exp_primary .)
    EQUALS          reduce using rule 90 (exp_unary -> exp_primary .)
    NEQUALS         reduce using rule 90 (exp_unary -> exp_primary .)
    LESS            reduce using rule 90 (exp_unary -> exp_primary .)
    GRTR            reduce using rule 90 (exp_unary -> exp_primary .)
    LESSEQ          reduce using rule 90 (exp_unary -> exp_primary .)
    GRTREQ          reduce using rule 90 (exp_unary -> exp_primary .)
    BITOR           reduce using rule 90 (exp_unary -> exp_primary .)
    LOGAND          reduce using rule 90 (exp_unary -> exp_primary .)
    LOGOR           reduce using rule 90 (exp_unary -> exp_primary .)
    SCOLON          reduce using rule 90 (exp_unary -> exp_primary .)
    LBRACE          reduce using rule 90 (exp_unary -> exp_primary .)
    RPAREN          reduce using rule 90 (exp_unary -> exp_primary .)
    RBRACE          reduce using rule 90 (exp_unary -> exp_primary .)
    COMMA           reduce using rule 90 (exp_unary -> exp_primary .)


state 49

    (91) exp_primary -> call .

    TIMES           reduce using rule 91 (exp_primary -> call .)
    DIVIDE          reduce using rule 91 (exp_primary -> call .)
    MODL            reduce using rule 91 (exp_primary -> call .)
    PLUS            reduce using rule 91 (exp_primary -> call .)
    MINUS           reduce using rule 91 (exp_primary -> call .)
    LSHIFT          reduce using rule 91 (exp_primary -> call .)
    RSHIFT          reduce using rule 91 (exp_primary -> call .)
    BITAND          reduce using rule 91 (exp_primary -> call .)
    BITXOR          reduce using rule 91 (exp_primary -> call .)
    EQUALS          reduce using rule 91 (exp_primary -> call .)
    NEQUALS         reduce using rule 91 (exp_primary -> call .)
    LESS            reduce using rule 91 (exp_primary -> call .)
    GRTR            reduce using rule 91 (exp_primary -> call .)
    LESSEQ          reduce using rule 91 (exp_primary -> call .)
    GRTREQ          reduce using rule 91 (exp_primary -> call .)
    BITOR           reduce using rule 91 (exp_primary -> call .)
    LOGAND          reduce using rule 91 (exp_primary -> call .)
    LOGOR           reduce using rule 91 (exp_primary -> call .)
    SCOLON          reduce using rule 91 (exp_primary -> call .)
    LBRACE          reduce using rule 91 (exp_primary -> call .)
    RPAREN          reduce using rule 91 (exp_primary -> call .)
    RBRACE          reduce using rule 91 (exp_primary -> call .)
    COMMA           reduce using rule 91 (exp_primary -> call .)


state 50

    (92) exp_primary -> NUMBER .

    TIMES           reduce using rule 92 (exp_primary -> NUMBER .)
    DIVIDE          reduce using rule 92 (exp_primary -> NUMBER .)
    MODL            reduce using rule 92 (exp_primary -> NUMBER .)
    PLUS            reduce using rule 92 (exp_primary -> NUMBER .)
    MINUS           reduce using rule 92 (exp_primary -> NUMBER .)
    LSHIFT          reduce using rule 92 (exp_primary -> NUMBER .)
    RSHIFT          reduce using rule 92 (exp_primary -> NUMBER .)
    BITAND          reduce using rule 92 (exp_primary -> NUMBER .)
    BITXOR          reduce using rule 92 (exp_primary -> NUMBER .)
    EQUALS          reduce using rule 92 (exp_primary -> NUMBER .)
    NEQUALS         reduce using rule 92 (exp_primary -> NUMBER .)
    LESS            reduce using rule 92 (exp_primary -> NUMBER .)
    GRTR            reduce using rule 92 (exp_primary -> NUMBER .)
    LESSEQ          reduce using rule 92 (exp_primary -> NUMBER .)
    GRTREQ          reduce using rule 92 (exp_primary -> NUMBER .)
    BITOR           reduce using rule 92 (exp_primary -> NUMBER .)
    LOGAND          reduce using rule 92 (exp_primary -> NUMBER .)
    LOGOR           reduce using rule 92 (exp_primary -> NUMBER .)
    SCOLON          reduce using rule 92 (exp_primary -> NUMBER .)
    LBRACE          reduce using rule 92 (exp_primary -> NUMBER .)
    RPAREN          reduce using rule 92 (exp_primary -> NUMBER .)
    RBRACE          reduce using rule 92 (exp_primary -> NUMBER .)
    COMMA           reduce using rule 92 (exp_primary -> NUMBER .)


state 51

    (94) exp_primary -> STRING .

    TIMES           reduce using rule 94 (exp_primary -> STRING .)
    DIVIDE          reduce using rule 94 (exp_primary -> STRING .)
    MODL            reduce using rule 94 (exp_primary -> STRING .)
    PLUS            reduce using rule 94 (exp_primary -> STRING .)
    MINUS           reduce using rule 94 (exp_primary -> STRING .)
    LSHIFT          reduce using rule 94 (exp_primary -> STRING .)
    RSHIFT          reduce using rule 94 (exp_primary -> STRING .)
    BITAND          reduce using rule 94 (exp_primary -> STRING .)
    BITXOR          reduce using rule 94 (exp_primary -> STRING .)
    EQUALS          reduce using rule 94 (exp_primary -> STRING .)
    NEQUALS         reduce using rule 94 (exp_primary -> STRING .)
    LESS            reduce using rule 94 (exp_primary -> STRING .)
    GRTR            reduce using rule 94 (exp_primary -> STRING .)
    LESSEQ          reduce using rule 94 (exp_primary -> STRING .)
    GRTREQ          reduce using rule 94 (exp_primary -> STRING .)
    BITOR           reduce using rule 94 (exp_primary -> STRING .)
    LOGAND          reduce using rule 94 (exp_primary -> STRING .)
    LOGOR           reduce using rule 94 (exp_primary -> STRING .)
    SCOLON          reduce using rule 94 (exp_primary -> STRING .)
    LBRACE          reduce using rule 94 (exp_primary -> STRING .)
    RPAREN          reduce using rule 94 (exp_primary -> STRING .)
    RBRACE          reduce using rule 94 (exp_primary -> STRING .)
    COMMA           reduce using rule 94 (exp_primary -> STRING .)


state 52

    (95) exp_primary -> TRUE .

    TIMES           reduce using rule 95 (exp_primary -> TRUE .)
    DIVIDE          reduce using rule 95 (exp_primary -> TRUE .)
    MODL            reduce using rule 95 (exp_primary -> TRUE .)
    PLUS            reduce using rule 95 (exp_primary -> TRUE .)
    MINUS           reduce using rule 95 (exp_primary -> TRUE .)
    LSHIFT          reduce using rule 95 (exp_primary -> TRUE .)
    RSHIFT          reduce using rule 95 (exp_primary -> TRUE .)
    BITAND          reduce using rule 95 (exp_primary -> TRUE .)
    BITXOR          reduce using rule 95 (exp_primary -> TRUE .)
    EQUALS          reduce using rule 95 (exp_primary -> TRUE .)
    NEQUALS         reduce using rule 95 (exp_primary -> TRUE .)
    LESS            reduce using rule 95 (exp_primary -> TRUE .)
    GRTR            reduce using rule 95 (exp_primary -> TRUE .)
    LESSEQ          reduce using rule 95 (exp_primary -> TRUE .)
    GRTREQ          reduce using rule 95 (exp_primary -> TRUE .)
    BITOR           reduce using rule 95 (exp_primary -> TRUE .)
    LOGAND          reduce using rule 95 (exp_primary -> TRUE .)
    LOGOR           reduce using rule 95 (exp_primary -> TRUE .)
    SCOLON          reduce using rule 95 (exp_primary -> TRUE .)
    LBRACE          reduce using rule 95 (exp_primary -> TRUE .)
    RPAREN          reduce using rule 95 (exp_primary -> TRUE .)
    RBRACE          reduce using rule 95 (exp_primary -> TRUE .)
    COMMA           reduce using rule 95 (exp_primary -> TRUE .)


state 53

    (96) exp_primary -> FALSE .

    TIMES           reduce using rule 96 (exp_primary -> FALSE .)
    DIVIDE          reduce using rule 96 (exp_primary -> FALSE .)
    MODL            reduce using rule 96 (exp_primary -> FALSE .)
    PLUS            reduce using rule 96 (exp_primary -> FALSE .)
    MINUS           reduce using rule 96 (exp_primary -> FALSE .)
    LSHIFT          reduce using rule 96 (exp_primary -> FALSE .)
    RSHIFT          reduce using rule 96 (exp_primary -> FALSE .)
    BITAND          reduce using rule 96 (exp_primary -> FALSE .)
    BITXOR          reduce using rule 96 (exp_primary -> FALSE .)
    EQUALS          reduce using rule 96 (exp_primary -> FALSE .)
    NEQUALS         reduce using rule 96 (exp_primary -> FALSE .)
    LESS            reduce using rule 96 (exp_primary -> FALSE .)
    GRTR            reduce using rule 96 (exp_primary -> FALSE .)
    LESSEQ          reduce using rule 96 (exp_primary -> FALSE .)
    GRTREQ          reduce using rule 96 (exp_primary -> FALSE .)
    BITOR           reduce using rule 96 (exp_primary -> FALSE .)
    LOGAND          reduce using rule 96 (exp_primary -> FALSE .)
    LOGOR           reduce using rule 96 (exp_primary -> FALSE .)
    SCOLON          reduce using rule 96 (exp_primary -> FALSE .)
    LBRACE          reduce using rule 96 (exp_primary -> FALSE .)
    RPAREN          reduce using rule 96 (exp_primary -> FALSE .)
    RBRACE          reduce using rule 96 (exp_primary -> FALSE .)
    COMMA           reduce using rule 96 (exp_primary -> FALSE .)


state 54

    (97) exp_primary -> LPAREN . exp RPAREN
    (54) exp -> . exp_assign
    (55) exp_assign -> . ID ATTRIB exp_assign
    (56) exp_assign -> . ID PLUSATTRIB exp_assign
    (57) exp_assign -> . ID MINUSATTRIB exp_assign
    (58) exp_assign -> . ID TIMESATTRIB exp_assign
    (59) exp_assign -> . ID DIVIDEATTRIB exp_assign
    (60) exp_assign -> . exp_or
    (61) exp_or -> . exp_or LOGOR exp_and
    (62) exp_or -> . exp_and
    (63) exp_and -> . exp_and LOGAND exp_rel
    (64) exp_and -> . exp_rel
    (65) exp_rel -> . exp_bitor EQUALS exp_bitor
    (66) exp_rel -> . exp_bitor NEQUALS exp_bitor
    (67) exp_rel -> . exp_bitor LESS exp_bitor
    (68) exp_rel -> . exp_bitor GRTR exp_bitor
    (69) exp_rel -> . exp_bitor LESSEQ exp_bitor
    (70) exp_rel -> . exp_bitor GRTREQ exp_bitor
    (71) exp_rel -> . exp_bitor
    (72) exp_bitor -> . exp_bitor BITOR exp_bitxor
    (73) exp_bitor -> . exp_bitxor
    (74) exp_bitxor -> . exp_bitxor BITXOR exp_bitand
    (75) exp_bitxor -> . exp_bitand
    (76) exp_bitand -> . exp_bitand BITAND exp_shift
    (77) exp_bitand -> . exp_shift
    (78) exp_shift -> . exp_shift LSHIFT exp_add
    (79) exp_shift -> . exp_shift RSHIFT exp_add
    (80) exp_shift -> . exp_add
    (81) exp_add -> . exp_add PLUS exp_mul
    (82) exp_add -> . exp_add MINUS exp_mul
    (83) exp_add -> . exp_mul
    (84) exp_mul -> . exp_mul TIMES exp_unary
    (85) exp_mul -> . exp_mul DIVIDE exp_unary
    (86) exp_mul -> . exp_mul MODL exp_unary
    (87) exp_mul -> . exp_unary
    (88) exp_unary -> . LOGNOT exp_unary
    (89) exp_unary -> . MINUS exp_unary
    (90) exp_unary -> . exp_primary
    (91) exp_primary -> . call
    (92) exp_primary -> . NUMBER
    (93) exp_primary -> . ID
    (94) exp_primary -> . STRING
    (95) exp_primary -> . TRUE
    (96) exp_primary -> . FALSE
    (97) exp_primary -> . LPAREN exp RPAREN
    (98) exp_primary -> . LBRACE stmts exp RBRACE
    (99) exp_primary -> . LBRACE stmts RBRACE
    (100) call -> . ID LPAREN args RPAREN
    (101) call -> . ID LPAREN RPAREN

    ID              shift and go to state 33
    LOGNOT          shift and go to state 47
    MINUS           shift and go to state 45
    NUMBER          shift and go to state 50
    STRING          shift and go to state 51
    TRUE            shift and go to state 52
    FALSE           shift and go to state 53
    LPAREN          shift and go to state 54
    LBRACE          shift and go to state 22

    exp                            shift and go to state 102
    exp_assign                     shift and go to state 34
    exp_or                         shift and go to state 36
    exp_and                        shift and go to state 37
    exp_rel                        shift and go to state 38
    exp_bitor                      shift and go to state 39
    exp_bitxor                     shift and go to state 40
    exp_bitand                     shift and go to state 41
    exp_shift                      shift and go to state 42
    exp_add                        shift and go to state 43
    exp_mul                        shift and go to state 44
    exp_unary                      shift and go to state 46
    exp_primary                    shift and go to state 48
    call                           shift and go to state 49

state 55

    (19) structdecl -> STRUCT ID LBRACE . structfields RBRACE
    (20) structfields -> . structfield
    (21) structfields -> . structfield COMMA structfields
    (22) structfield -> . ID COLON type

    ID              shift and go to state 103

    structfields                   shift and go to state 104
    structfield                    shift and go to state 105

state 56

    (23) traitdecl -> TRAIT ID LBRACE . traitbody RBRACE
    (24) traitbody -> . traitsignatures
    (25) traitbody -> . traitsignatures traitbody
    (26) traitsignatures -> . signature SCOLON
    (27) traitsignatures -> . funcdecl
    (28) traitsignatures -> . traitmethod
    (8) signature -> . FN ID signaturei
    (7) funcdecl -> . signature body
    (29) traitmethod -> . FN ID traitsignature

    FN              shift and go to state 111

    traitbody                      shift and go to state 106
    traitsignatures                shift and go to state 107
    signature                      shift and go to state 108
    funcdecl                       shift and go to state 109
    traitmethod                    shift and go to state 110

state 57

    (49) decl -> LET ID typedecl . ATTRIB exp SCOLON

    ATTRIB          shift and go to state 112


state 58

    (52) typedecl -> COLON . type
    (104) type -> . ID

    ID              shift and go to state 114

    type                           shift and go to state 113

state 59

    (50) decl -> LET MUT ID . typedecl ATTRIB exp SCOLON
    (52) typedecl -> . COLON type
    (53) typedecl -> .

    COLON           shift and go to state 58
    ATTRIB          reduce using rule 53 (typedecl -> .)

    typedecl                       shift and go to state 115

state 60

    (51) decl -> CONST ID COLON . type ATTRIB exp SCOLON
    (104) type -> . ID

    ID              shift and go to state 114

    type                           shift and go to state 116

state 61

    (8) signature -> FN ID signaturei .

    LBRACE          reduce using rule 8 (signature -> FN ID signaturei .)
    SCOLON          reduce using rule 8 (signature -> FN ID signaturei .)


state 62

    (9) signaturei -> signaturep .

    LBRACE          reduce using rule 9 (signaturei -> signaturep .)
    SCOLON          reduce using rule 9 (signaturei -> signaturep .)


state 63

    (10) signaturei -> signaturenp .

    LBRACE          reduce using rule 10 (signaturei -> signaturenp .)
    SCOLON          reduce using rule 10 (signaturei -> signaturenp .)


state 64

    (11) signaturep -> LPAREN . sigparams RPAREN ARROW type
    (12) signaturep -> LPAREN . sigparams RPAREN
    (13) signaturenp -> LPAREN . RPAREN ARROW type
    (14) signaturenp -> LPAREN . RPAREN
    (15) sigparams -> . sigparam
    (16) sigparams -> . sigparam COMMA sigparams
    (17) sigparam -> . ID COLON type

    RPAREN          shift and go to state 118
    ID              shift and go to state 120

    sigparams                      shift and go to state 117
    sigparam                       shift and go to state 119

state 65

    (98) exp_primary -> LBRACE stmts . exp RBRACE
    (99) exp_primary -> LBRACE stmts . RBRACE
    (54) exp -> . exp_assign
    (55) exp_assign -> . ID ATTRIB exp_assign
    (56) exp_assign -> . ID PLUSATTRIB exp_assign
    (57) exp_assign -> . ID MINUSATTRIB exp_assign
    (58) exp_assign -> . ID TIMESATTRIB exp_assign
    (59) exp_assign -> . ID DIVIDEATTRIB exp_assign
    (60) exp_assign -> . exp_or
    (61) exp_or -> . exp_or LOGOR exp_and
    (62) exp_or -> . exp_and
    (63) exp_and -> . exp_and LOGAND exp_rel
    (64) exp_and -> . exp_rel
    (65) exp_rel -> . exp_bitor EQUALS exp_bitor
    (66) exp_rel -> . exp_bitor NEQUALS exp_bitor
    (67) exp_rel -> . exp_bitor LESS exp_bitor
    (68) exp_rel -> . exp_bitor GRTR exp_bitor
    (69) exp_rel -> . exp_bitor LESSEQ exp_bitor
    (70) exp_rel -> . exp_bitor GRTREQ exp_bitor
    (71) exp_rel -> . exp_bitor
    (72) exp_bitor -> . exp_bitor BITOR exp_bitxor
    (73) exp_bitor -> . exp_bitxor
    (74) exp_bitxor -> . exp_bitxor BITXOR exp_bitand
    (75) exp_bitxor -> . exp_bitand
    (76) exp_bitand -> . exp_bitand BITAND exp_shift
    (77) exp_bitand -> . exp_shift
    (78) exp_shift -> . exp_shift LSHIFT exp_add
    (79) exp_shift -> . exp_shift RSHIFT exp_add
    (80) exp_shift -> . exp_add
    (81) exp_add -> . exp_add PLUS exp_mul
    (82) exp_add -> . exp_add MINUS exp_mul
    (83) exp_add -> . exp_mul
    (84) exp_mul -> . exp_mul TIMES exp_unary
    (85) exp_mul -> . exp_mul DIVIDE exp_unary
    (86) exp_mul -> . exp_mul MODL exp_unary
    (87) exp_mul -> . exp_unary
    (88) exp_unary -> . LOGNOT exp_unary
    (89) exp_unary -> . MINUS exp_unary
    (90) exp_unary -> . exp_primary
    (91) exp_primary -> . call
    (92) exp_primary -> . NUMBER
    (93) exp_primary -> . ID
    (94) exp_primary -> . STRING
    (95) exp_primary -> . TRUE
    (96) exp_primary -> . FALSE
    (97) exp_primary -> . LPAREN exp RPAREN
    (98) exp_primary -> . LBRACE stmts exp RBRACE
    (99) exp_primary -> . LBRACE stmts RBRACE
    (100) call -> . ID LPAREN args RPAREN
    (101) call -> . ID LPAREN RPAREN

    RBRACE          shift and go to state 122
    ID              shift and go to state 33
    LOGNOT          shift and go to state 47
    MINUS           shift and go to state 45
    NUMBER          shift and go to state 50
    STRING          shift and go to state 51
    TRUE            shift and go to state 52
    FALSE           shift and go to state 53
    LPAREN          shift and go to state 54
    LBRACE          shift and go to state 22

    exp                            shift and go to state 121
    exp_assign                     shift and go to state 34
    exp_or                         shift and go to state 36
    exp_and                        shift and go to state 37
    exp_rel                        shift and go to state 38
    exp_bitor                      shift and go to state 39
    exp_bitxor                     shift and go to state 40
    exp_bitand                     shift and go to state 41
    exp_shift                      shift and go to state 42
    exp_add                        shift and go to state 43
    exp_mul                        shift and go to state 44
    exp_unary                      shift and go to state 46
    exp_primary                    shift and go to state 48
    call                           shift and go to state 49

state 66

    (18) body -> LBRACE stmts RBRACE .

    STRUCT          reduce using rule 18 (body -> LBRACE stmts RBRACE .)
    TRAIT           reduce using rule 18 (body -> LBRACE stmts RBRACE .)
    LET             reduce using rule 18 (body -> LBRACE stmts RBRACE .)
    CONST           reduce using rule 18 (body -> LBRACE stmts RBRACE .)
    FN              reduce using rule 18 (body -> LBRACE stmts RBRACE .)
    $end            reduce using rule 18 (body -> LBRACE stmts RBRACE .)
    RBRACE          reduce using rule 18 (body -> LBRACE stmts RBRACE .)


state 67

    (37) stmts -> stmt stmts .

    RBRACE          reduce using rule 37 (stmts -> stmt stmts .)
    ID              reduce using rule 37 (stmts -> stmt stmts .)
    LOGNOT          reduce using rule 37 (stmts -> stmt stmts .)
    MINUS           reduce using rule 37 (stmts -> stmt stmts .)
    NUMBER          reduce using rule 37 (stmts -> stmt stmts .)
    STRING          reduce using rule 37 (stmts -> stmt stmts .)
    TRUE            reduce using rule 37 (stmts -> stmt stmts .)
    FALSE           reduce using rule 37 (stmts -> stmt stmts .)
    LPAREN          reduce using rule 37 (stmts -> stmt stmts .)
    LBRACE          reduce using rule 37 (stmts -> stmt stmts .)


state 68

    (39) stmt -> exp SCOLON .

    LOOP            reduce using rule 39 (stmt -> exp SCOLON .)
    WHILE           reduce using rule 39 (stmt -> exp SCOLON .)
    RETURN          reduce using rule 39 (stmt -> exp SCOLON .)
    BREAK           reduce using rule 39 (stmt -> exp SCOLON .)
    CONTINUE        reduce using rule 39 (stmt -> exp SCOLON .)
    LET             reduce using rule 39 (stmt -> exp SCOLON .)
    CONST           reduce using rule 39 (stmt -> exp SCOLON .)
    IF              reduce using rule 39 (stmt -> exp SCOLON .)
    ID              reduce using rule 39 (stmt -> exp SCOLON .)
    LOGNOT          reduce using rule 39 (stmt -> exp SCOLON .)
    MINUS           reduce using rule 39 (stmt -> exp SCOLON .)
    NUMBER          reduce using rule 39 (stmt -> exp SCOLON .)
    STRING          reduce using rule 39 (stmt -> exp SCOLON .)
    TRUE            reduce using rule 39 (stmt -> exp SCOLON .)
    FALSE           reduce using rule 39 (stmt -> exp SCOLON .)
    LPAREN          reduce using rule 39 (stmt -> exp SCOLON .)
    LBRACE          reduce using rule 39 (stmt -> exp SCOLON .)
    RBRACE          reduce using rule 39 (stmt -> exp SCOLON .)


state 69

    (41) stmt -> LOOP LBRACE . stmts RBRACE
    (36) stmts -> . stmt
    (37) stmts -> . stmt stmts
    (38) stmt -> . decl
    (39) stmt -> . exp SCOLON
    (40) stmt -> . ifr
    (41) stmt -> . LOOP LBRACE stmts RBRACE
    (42) stmt -> . WHILE exp LBRACE stmts RBRACE
    (43) stmt -> . RETURN exp SCOLON
    (44) stmt -> . BREAK SCOLON
    (45) stmt -> . CONTINUE SCOLON
    (49) decl -> . LET ID typedecl ATTRIB exp SCOLON
    (50) decl -> . LET MUT ID typedecl ATTRIB exp SCOLON
    (51) decl -> . CONST ID COLON type ATTRIB exp SCOLON
    (54) exp -> . exp_assign
    (46) ifr -> . IF exp LBRACE stmts RBRACE
    (47) ifr -> . IF exp LBRACE stmts RBRACE ELSE LBRACE stmts RBRACE
    (48) ifr -> . IF exp LBRACE stmts RBRACE ELSE ifr
    (55) exp_assign -> . ID ATTRIB exp_assign
    (56) exp_assign -> . ID PLUSATTRIB exp_assign
    (57) exp_assign -> . ID MINUSATTRIB exp_assign
    (58) exp_assign -> . ID TIMESATTRIB exp_assign
    (59) exp_assign -> . ID DIVIDEATTRIB exp_assign
    (60) exp_assign -> . exp_or
    (61) exp_or -> . exp_or LOGOR exp_and
    (62) exp_or -> . exp_and
    (63) exp_and -> . exp_and LOGAND exp_rel
    (64) exp_and -> . exp_rel
    (65) exp_rel -> . exp_bitor EQUALS exp_bitor
    (66) exp_rel -> . exp_bitor NEQUALS exp_bitor
    (67) exp_rel -> . exp_bitor LESS exp_bitor
    (68) exp_rel -> . exp_bitor GRTR exp_bitor
    (69) exp_rel -> . exp_bitor LESSEQ exp_bitor
    (70) exp_rel -> . exp_bitor GRTREQ exp_bitor
    (71) exp_rel -> . exp_bitor
    (72) exp_bitor -> . exp_bitor BITOR exp_bitxor
    (73) exp_bitor -> . exp_bitxor
    (74) exp_bitxor -> . exp_bitxor BITXOR exp_bitand
    (75) exp_bitxor -> . exp_bitand
    (76) exp_bitand -> . exp_bitand BITAND exp_shift
    (77) exp_bitand -> . exp_shift
    (78) exp_shift -> . exp_shift LSHIFT exp_add
    (79) exp_shift -> . exp_shift RSHIFT exp_add
    (80) exp_shift -> . exp_add
    (81) exp_add -> . exp_add PLUS exp_mul
    (82) exp_add -> . exp_add MINUS exp_mul
    (83) exp_add -> . exp_mul
    (84) exp_mul -> . exp_mul TIMES exp_unary
    (85) exp_mul -> . exp_mul DIVIDE exp_unary
    (86) exp_mul -> . exp_mul MODL exp_unary
    (87) exp_mul -> . exp_unary
    (88) exp_unary -> . LOGNOT exp_unary
    (89) exp_unary -> . MINUS exp_unary
    (90) exp_unary -> . exp_primary
    (91) exp_primary -> . call
    (92) exp_primary -> . NUMBER
    (93) exp_primary -> . ID
    (94) exp_primary -> . STRING
    (95) exp_primary -> . TRUE
    (96) exp_primary -> . FALSE
    (97) exp_primary -> . LPAREN exp RPAREN
    (98) exp_primary -> . LBRACE stmts exp RBRACE
    (99) exp_primary -> . LBRACE stmts RBRACE
    (100) call -> . ID LPAREN args RPAREN
    (101) call -> . ID LPAREN RPAREN

    LOOP            shift and go to state 28
    WHILE           shift and go to state 29
    RETURN          shift and go to state 30
    BREAK           shift and go to state 31
    CONTINUE        shift and go to state 32
    LET             shift and go to state 10
    CONST           shift and go to state 11
    IF              shift and go to state 35
    ID              shift and go to state 33
    LOGNOT          shift and go to state 47
    MINUS           shift and go to state 45
    NUMBER          shift and go to state 50
    STRING          shift and go to state 51
    TRUE            shift and go to state 52
    FALSE           shift and go to state 53
    LPAREN          shift and go to state 54
    LBRACE          shift and go to state 22

    stmts                          shift and go to state 123
    stmt                           shift and go to state 24
    decl                           shift and go to state 25
    exp                            shift and go to state 26
    ifr                            shift and go to state 27
    exp_assign                     shift and go to state 34
    exp_or                         shift and go to state 36
    exp_and                        shift and go to state 37
    exp_rel                        shift and go to state 38
    exp_bitor                      shift and go to state 39
    exp_bitxor                     shift and go to state 40
    exp_bitand                     shift and go to state 41
    exp_shift                      shift and go to state 42
    exp_add                        shift and go to state 43
    exp_mul                        shift and go to state 44
    exp_unary                      shift and go to state 46
    exp_primary                    shift and go to state 48
    call                           shift and go to state 49

state 70

    (42) stmt -> WHILE exp . LBRACE stmts RBRACE

    LBRACE          shift and go to state 124


state 71

    (43) stmt -> RETURN exp . SCOLON

    SCOLON          shift and go to state 125


state 72

    (44) stmt -> BREAK SCOLON .

    LOOP            reduce using rule 44 (stmt -> BREAK SCOLON .)
    WHILE           reduce using rule 44 (stmt -> BREAK SCOLON .)
    RETURN          reduce using rule 44 (stmt -> BREAK SCOLON .)
    BREAK           reduce using rule 44 (stmt -> BREAK SCOLON .)
    CONTINUE        reduce using rule 44 (stmt -> BREAK SCOLON .)
    LET             reduce using rule 44 (stmt -> BREAK SCOLON .)
    CONST           reduce using rule 44 (stmt -> BREAK SCOLON .)
    IF              reduce using rule 44 (stmt -> BREAK SCOLON .)
    ID              reduce using rule 44 (stmt -> BREAK SCOLON .)
    LOGNOT          reduce using rule 44 (stmt -> BREAK SCOLON .)
    MINUS           reduce using rule 44 (stmt -> BREAK SCOLON .)
    NUMBER          reduce using rule 44 (stmt -> BREAK SCOLON .)
    STRING          reduce using rule 44 (stmt -> BREAK SCOLON .)
    TRUE            reduce using rule 44 (stmt -> BREAK SCOLON .)
    FALSE           reduce using rule 44 (stmt -> BREAK SCOLON .)
    LPAREN          reduce using rule 44 (stmt -> BREAK SCOLON .)
    LBRACE          reduce using rule 44 (stmt -> BREAK SCOLON .)
    RBRACE          reduce using rule 44 (stmt -> BREAK SCOLON .)


state 73

    (45) stmt -> CONTINUE SCOLON .

    LOOP            reduce using rule 45 (stmt -> CONTINUE SCOLON .)
    WHILE           reduce using rule 45 (stmt -> CONTINUE SCOLON .)
    RETURN          reduce using rule 45 (stmt -> CONTINUE SCOLON .)
    BREAK           reduce using rule 45 (stmt -> CONTINUE SCOLON .)
    CONTINUE        reduce using rule 45 (stmt -> CONTINUE SCOLON .)
    LET             reduce using rule 45 (stmt -> CONTINUE SCOLON .)
    CONST           reduce using rule 45 (stmt -> CONTINUE SCOLON .)
    IF              reduce using rule 45 (stmt -> CONTINUE SCOLON .)
    ID              reduce using rule 45 (stmt -> CONTINUE SCOLON .)
    LOGNOT          reduce using rule 45 (stmt -> CONTINUE SCOLON .)
    MINUS           reduce using rule 45 (stmt -> CONTINUE SCOLON .)
    NUMBER          reduce using rule 45 (stmt -> CONTINUE SCOLON .)
    STRING          reduce using rule 45 (stmt -> CONTINUE SCOLON .)
    TRUE            reduce using rule 45 (stmt -> CONTINUE SCOLON .)
    FALSE           reduce using rule 45 (stmt -> CONTINUE SCOLON .)
    LPAREN          reduce using rule 45 (stmt -> CONTINUE SCOLON .)
    LBRACE          reduce using rule 45 (stmt -> CONTINUE SCOLON .)
    RBRACE          reduce using rule 45 (stmt -> CONTINUE SCOLON .)


state 74

    (55) exp_assign -> ID ATTRIB . exp_assign
    (55) exp_assign -> . ID ATTRIB exp_assign
    (56) exp_assign -> . ID PLUSATTRIB exp_assign
    (57) exp_assign -> . ID MINUSATTRIB exp_assign
    (58) exp_assign -> . ID TIMESATTRIB exp_assign
    (59) exp_assign -> . ID DIVIDEATTRIB exp_assign
    (60) exp_assign -> . exp_or
    (61) exp_or -> . exp_or LOGOR exp_and
    (62) exp_or -> . exp_and
    (63) exp_and -> . exp_and LOGAND exp_rel
    (64) exp_and -> . exp_rel
    (65) exp_rel -> . exp_bitor EQUALS exp_bitor
    (66) exp_rel -> . exp_bitor NEQUALS exp_bitor
    (67) exp_rel -> . exp_bitor LESS exp_bitor
    (68) exp_rel -> . exp_bitor GRTR exp_bitor
    (69) exp_rel -> . exp_bitor LESSEQ exp_bitor
    (70) exp_rel -> . exp_bitor GRTREQ exp_bitor
    (71) exp_rel -> . exp_bitor
    (72) exp_bitor -> . exp_bitor BITOR exp_bitxor
    (73) exp_bitor -> . exp_bitxor
    (74) exp_bitxor -> . exp_bitxor BITXOR exp_bitand
    (75) exp_bitxor -> . exp_bitand
    (76) exp_bitand -> . exp_bitand BITAND exp_shift
    (77) exp_bitand -> . exp_shift
    (78) exp_shift -> . exp_shift LSHIFT exp_add
    (79) exp_shift -> . exp_shift RSHIFT exp_add
    (80) exp_shift -> . exp_add
    (81) exp_add -> . exp_add PLUS exp_mul
    (82) exp_add -> . exp_add MINUS exp_mul
    (83) exp_add -> . exp_mul
    (84) exp_mul -> . exp_mul TIMES exp_unary
    (85) exp_mul -> . exp_mul DIVIDE exp_unary
    (86) exp_mul -> . exp_mul MODL exp_unary
    (87) exp_mul -> . exp_unary
    (88) exp_unary -> . LOGNOT exp_unary
    (89) exp_unary -> . MINUS exp_unary
    (90) exp_unary -> . exp_primary
    (91) exp_primary -> . call
    (92) exp_primary -> . NUMBER
    (93) exp_primary -> . ID
    (94) exp_primary -> . STRING
    (95) exp_primary -> . TRUE
    (96) exp_primary -> . FALSE
    (97) exp_primary -> . LPAREN exp RPAREN
    (98) exp_primary -> . LBRACE stmts exp RBRACE
    (99) exp_primary -> . LBRACE stmts RBRACE
    (100) call -> . ID LPAREN args RPAREN
    (101) call -> . ID LPAREN RPAREN

    ID              shift and go to state 33
    LOGNOT          shift and go to state 47
    MINUS           shift and go to state 45
    NUMBER          shift and go to state 50
    STRING          shift and go to state 51
    TRUE            shift and go to state 52
    FALSE           shift and go to state 53
    LPAREN          shift and go to state 54
    LBRACE          shift and go to state 22

    exp_assign                     shift and go to state 126
    exp_or                         shift and go to state 36
    exp_and                        shift and go to state 37
    exp_rel                        shift and go to state 38
    exp_bitor                      shift and go to state 39
    exp_bitxor                     shift and go to state 40
    exp_bitand                     shift and go to state 41
    exp_shift                      shift and go to state 42
    exp_add                        shift and go to state 43
    exp_mul                        shift and go to state 44
    exp_unary                      shift and go to state 46
    exp_primary                    shift and go to state 48
    call                           shift and go to state 49

state 75

    (56) exp_assign -> ID PLUSATTRIB . exp_assign
    (55) exp_assign -> . ID ATTRIB exp_assign
    (56) exp_assign -> . ID PLUSATTRIB exp_assign
    (57) exp_assign -> . ID MINUSATTRIB exp_assign
    (58) exp_assign -> . ID TIMESATTRIB exp_assign
    (59) exp_assign -> . ID DIVIDEATTRIB exp_assign
    (60) exp_assign -> . exp_or
    (61) exp_or -> . exp_or LOGOR exp_and
    (62) exp_or -> . exp_and
    (63) exp_and -> . exp_and LOGAND exp_rel
    (64) exp_and -> . exp_rel
    (65) exp_rel -> . exp_bitor EQUALS exp_bitor
    (66) exp_rel -> . exp_bitor NEQUALS exp_bitor
    (67) exp_rel -> . exp_bitor LESS exp_bitor
    (68) exp_rel -> . exp_bitor GRTR exp_bitor
    (69) exp_rel -> . exp_bitor LESSEQ exp_bitor
    (70) exp_rel -> . exp_bitor GRTREQ exp_bitor
    (71) exp_rel -> . exp_bitor
    (72) exp_bitor -> . exp_bitor BITOR exp_bitxor
    (73) exp_bitor -> . exp_bitxor
    (74) exp_bitxor -> . exp_bitxor BITXOR exp_bitand
    (75) exp_bitxor -> . exp_bitand
    (76) exp_bitand -> . exp_bitand BITAND exp_shift
    (77) exp_bitand -> . exp_shift
    (78) exp_shift -> . exp_shift LSHIFT exp_add
    (79) exp_shift -> . exp_shift RSHIFT exp_add
    (80) exp_shift -> . exp_add
    (81) exp_add -> . exp_add PLUS exp_mul
    (82) exp_add -> . exp_add MINUS exp_mul
    (83) exp_add -> . exp_mul
    (84) exp_mul -> . exp_mul TIMES exp_unary
    (85) exp_mul -> . exp_mul DIVIDE exp_unary
    (86) exp_mul -> . exp_mul MODL exp_unary
    (87) exp_mul -> . exp_unary
    (88) exp_unary -> . LOGNOT exp_unary
    (89) exp_unary -> . MINUS exp_unary
    (90) exp_unary -> . exp_primary
    (91) exp_primary -> . call
    (92) exp_primary -> . NUMBER
    (93) exp_primary -> . ID
    (94) exp_primary -> . STRING
    (95) exp_primary -> . TRUE
    (96) exp_primary -> . FALSE
    (97) exp_primary -> . LPAREN exp RPAREN
    (98) exp_primary -> . LBRACE stmts exp RBRACE
    (99) exp_primary -> . LBRACE stmts RBRACE
    (100) call -> . ID LPAREN args RPAREN
    (101) call -> . ID LPAREN RPAREN

    ID              shift and go to state 33
    LOGNOT          shift and go to state 47
    MINUS           shift and go to state 45
    NUMBER          shift and go to state 50
    STRING          shift and go to state 51
    TRUE            shift and go to state 52
    FALSE           shift and go to state 53
    LPAREN          shift and go to state 54
    LBRACE          shift and go to state 22

    exp_assign                     shift and go to state 127
    exp_or                         shift and go to state 36
    exp_and                        shift and go to state 37
    exp_rel                        shift and go to state 38
    exp_bitor                      shift and go to state 39
    exp_bitxor                     shift and go to state 40
    exp_bitand                     shift and go to state 41
    exp_shift                      shift and go to state 42
    exp_add                        shift and go to state 43
    exp_mul                        shift and go to state 44
    exp_unary                      shift and go to state 46
    exp_primary                    shift and go to state 48
    call                           shift and go to state 49

state 76

    (57) exp_assign -> ID MINUSATTRIB . exp_assign
    (55) exp_assign -> . ID ATTRIB exp_assign
    (56) exp_assign -> . ID PLUSATTRIB exp_assign
    (57) exp_assign -> . ID MINUSATTRIB exp_assign
    (58) exp_assign -> . ID TIMESATTRIB exp_assign
    (59) exp_assign -> . ID DIVIDEATTRIB exp_assign
    (60) exp_assign -> . exp_or
    (61) exp_or -> . exp_or LOGOR exp_and
    (62) exp_or -> . exp_and
    (63) exp_and -> . exp_and LOGAND exp_rel
    (64) exp_and -> . exp_rel
    (65) exp_rel -> . exp_bitor EQUALS exp_bitor
    (66) exp_rel -> . exp_bitor NEQUALS exp_bitor
    (67) exp_rel -> . exp_bitor LESS exp_bitor
    (68) exp_rel -> . exp_bitor GRTR exp_bitor
    (69) exp_rel -> . exp_bitor LESSEQ exp_bitor
    (70) exp_rel -> . exp_bitor GRTREQ exp_bitor
    (71) exp_rel -> . exp_bitor
    (72) exp_bitor -> . exp_bitor BITOR exp_bitxor
    (73) exp_bitor -> . exp_bitxor
    (74) exp_bitxor -> . exp_bitxor BITXOR exp_bitand
    (75) exp_bitxor -> . exp_bitand
    (76) exp_bitand -> . exp_bitand BITAND exp_shift
    (77) exp_bitand -> . exp_shift
    (78) exp_shift -> . exp_shift LSHIFT exp_add
    (79) exp_shift -> . exp_shift RSHIFT exp_add
    (80) exp_shift -> . exp_add
    (81) exp_add -> . exp_add PLUS exp_mul
    (82) exp_add -> . exp_add MINUS exp_mul
    (83) exp_add -> . exp_mul
    (84) exp_mul -> . exp_mul TIMES exp_unary
    (85) exp_mul -> . exp_mul DIVIDE exp_unary
    (86) exp_mul -> . exp_mul MODL exp_unary
    (87) exp_mul -> . exp_unary
    (88) exp_unary -> . LOGNOT exp_unary
    (89) exp_unary -> . MINUS exp_unary
    (90) exp_unary -> . exp_primary
    (91) exp_primary -> . call
    (92) exp_primary -> . NUMBER
    (93) exp_primary -> . ID
    (94) exp_primary -> . STRING
    (95) exp_primary -> . TRUE
    (96) exp_primary -> . FALSE
    (97) exp_primary -> . LPAREN exp RPAREN
    (98) exp_primary -> . LBRACE stmts exp RBRACE
    (99) exp_primary -> . LBRACE stmts RBRACE
    (100) call -> . ID LPAREN args RPAREN
    (101) call -> . ID LPAREN RPAREN

    ID              shift and go to state 33
    LOGNOT          shift and go to state 47
    MINUS           shift and go to state 45
    NUMBER          shift and go to state 50
    STRING          shift and go to state 51
    TRUE            shift and go to state 52
    FALSE           shift and go to state 53
    LPAREN          shift and go to state 54
    LBRACE          shift and go to state 22

    exp_assign                     shift and go to state 128
    exp_or                         shift and go to state 36
    exp_and                        shift and go to state 37
    exp_rel                        shift and go to state 38
    exp_bitor                      shift and go to state 39
    exp_bitxor                     shift and go to state 40
    exp_bitand                     shift and go to state 41
    exp_shift                      shift and go to state 42
    exp_add                        shift and go to state 43
    exp_mul                        shift and go to state 44
    exp_unary                      shift and go to state 46
    exp_primary                    shift and go to state 48
    call                           shift and go to state 49

state 77

    (58) exp_assign -> ID TIMESATTRIB . exp_assign
    (55) exp_assign -> . ID ATTRIB exp_assign
    (56) exp_assign -> . ID PLUSATTRIB exp_assign
    (57) exp_assign -> . ID MINUSATTRIB exp_assign
    (58) exp_assign -> . ID TIMESATTRIB exp_assign
    (59) exp_assign -> . ID DIVIDEATTRIB exp_assign
    (60) exp_assign -> . exp_or
    (61) exp_or -> . exp_or LOGOR exp_and
    (62) exp_or -> . exp_and
    (63) exp_and -> . exp_and LOGAND exp_rel
    (64) exp_and -> . exp_rel
    (65) exp_rel -> . exp_bitor EQUALS exp_bitor
    (66) exp_rel -> . exp_bitor NEQUALS exp_bitor
    (67) exp_rel -> . exp_bitor LESS exp_bitor
    (68) exp_rel -> . exp_bitor GRTR exp_bitor
    (69) exp_rel -> . exp_bitor LESSEQ exp_bitor
    (70) exp_rel -> . exp_bitor GRTREQ exp_bitor
    (71) exp_rel -> . exp_bitor
    (72) exp_bitor -> . exp_bitor BITOR exp_bitxor
    (73) exp_bitor -> . exp_bitxor
    (74) exp_bitxor -> . exp_bitxor BITXOR exp_bitand
    (75) exp_bitxor -> . exp_bitand
    (76) exp_bitand -> . exp_bitand BITAND exp_shift
    (77) exp_bitand -> . exp_shift
    (78) exp_shift -> . exp_shift LSHIFT exp_add
    (79) exp_shift -> . exp_shift RSHIFT exp_add
    (80) exp_shift -> . exp_add
    (81) exp_add -> . exp_add PLUS exp_mul
    (82) exp_add -> . exp_add MINUS exp_mul
    (83) exp_add -> . exp_mul
    (84) exp_mul -> . exp_mul TIMES exp_unary
    (85) exp_mul -> . exp_mul DIVIDE exp_unary
    (86) exp_mul -> . exp_mul MODL exp_unary
    (87) exp_mul -> . exp_unary
    (88) exp_unary -> . LOGNOT exp_unary
    (89) exp_unary -> . MINUS exp_unary
    (90) exp_unary -> . exp_primary
    (91) exp_primary -> . call
    (92) exp_primary -> . NUMBER
    (93) exp_primary -> . ID
    (94) exp_primary -> . STRING
    (95) exp_primary -> . TRUE
    (96) exp_primary -> . FALSE
    (97) exp_primary -> . LPAREN exp RPAREN
    (98) exp_primary -> . LBRACE stmts exp RBRACE
    (99) exp_primary -> . LBRACE stmts RBRACE
    (100) call -> . ID LPAREN args RPAREN
    (101) call -> . ID LPAREN RPAREN

    ID              shift and go to state 33
    LOGNOT          shift and go to state 47
    MINUS           shift and go to state 45
    NUMBER          shift and go to state 50
    STRING          shift and go to state 51
    TRUE            shift and go to state 52
    FALSE           shift and go to state 53
    LPAREN          shift and go to state 54
    LBRACE          shift and go to state 22

    exp_assign                     shift and go to state 129
    exp_or                         shift and go to state 36
    exp_and                        shift and go to state 37
    exp_rel                        shift and go to state 38
    exp_bitor                      shift and go to state 39
    exp_bitxor                     shift and go to state 40
    exp_bitand                     shift and go to state 41
    exp_shift                      shift and go to state 42
    exp_add                        shift and go to state 43
    exp_mul                        shift and go to state 44
    exp_unary                      shift and go to state 46
    exp_primary                    shift and go to state 48
    call                           shift and go to state 49

state 78

    (59) exp_assign -> ID DIVIDEATTRIB . exp_assign
    (55) exp_assign -> . ID ATTRIB exp_assign
    (56) exp_assign -> . ID PLUSATTRIB exp_assign
    (57) exp_assign -> . ID MINUSATTRIB exp_assign
    (58) exp_assign -> . ID TIMESATTRIB exp_assign
    (59) exp_assign -> . ID DIVIDEATTRIB exp_assign
    (60) exp_assign -> . exp_or
    (61) exp_or -> . exp_or LOGOR exp_and
    (62) exp_or -> . exp_and
    (63) exp_and -> . exp_and LOGAND exp_rel
    (64) exp_and -> . exp_rel
    (65) exp_rel -> . exp_bitor EQUALS exp_bitor
    (66) exp_rel -> . exp_bitor NEQUALS exp_bitor
    (67) exp_rel -> . exp_bitor LESS exp_bitor
    (68) exp_rel -> . exp_bitor GRTR exp_bitor
    (69) exp_rel -> . exp_bitor LESSEQ exp_bitor
    (70) exp_rel -> . exp_bitor GRTREQ exp_bitor
    (71) exp_rel -> . exp_bitor
    (72) exp_bitor -> . exp_bitor BITOR exp_bitxor
    (73) exp_bitor -> . exp_bitxor
    (74) exp_bitxor -> . exp_bitxor BITXOR exp_bitand
    (75) exp_bitxor -> . exp_bitand
    (76) exp_bitand -> . exp_bitand BITAND exp_shift
    (77) exp_bitand -> . exp_shift
    (78) exp_shift -> . exp_shift LSHIFT exp_add
    (79) exp_shift -> . exp_shift RSHIFT exp_add
    (80) exp_shift -> . exp_add
    (81) exp_add -> . exp_add PLUS exp_mul
    (82) exp_add -> . exp_add MINUS exp_mul
    (83) exp_add -> . exp_mul
    (84) exp_mul -> . exp_mul TIMES exp_unary
    (85) exp_mul -> . exp_mul DIVIDE exp_unary
    (86) exp_mul -> . exp_mul MODL exp_unary
    (87) exp_mul -> . exp_unary
    (88) exp_unary -> . LOGNOT exp_unary
    (89) exp_unary -> . MINUS exp_unary
    (90) exp_unary -> . exp_primary
    (91) exp_primary -> . call
    (92) exp_primary -> . NUMBER
    (93) exp_primary -> . ID
    (94) exp_primary -> . STRING
    (95) exp_primary -> . TRUE
    (96) exp_primary -> . FALSE
    (97) exp_primary -> . LPAREN exp RPAREN
    (98) exp_primary -> . LBRACE stmts exp RBRACE
    (99) exp_primary -> . LBRACE stmts RBRACE
    (100) call -> . ID LPAREN args RPAREN
    (101) call -> . ID LPAREN RPAREN

    ID              shift and go to state 33
    LOGNOT          shift and go to state 47
    MINUS           shift and go to state 45
    NUMBER          shift and go to state 50
    STRING          shift and go to state 51
    TRUE            shift and go to state 52
    FALSE           shift and go to state 53
    LPAREN          shift and go to state 54
    LBRACE          shift and go to state 22

    exp_assign                     shift and go to state 130
    exp_or                         shift and go to state 36
    exp_and                        shift and go to state 37
    exp_rel                        shift and go to state 38
    exp_bitor                      shift and go to state 39
    exp_bitxor                     shift and go to state 40
    exp_bitand                     shift and go to state 41
    exp_shift                      shift and go to state 42
    exp_add                        shift and go to state 43
    exp_mul                        shift and go to state 44
    exp_unary                      shift and go to state 46
    exp_primary                    shift and go to state 48
    call                           shift and go to state 49

state 79

    (100) call -> ID LPAREN . args RPAREN
    (101) call -> ID LPAREN . RPAREN
    (102) args -> . exp
    (103) args -> . exp COMMA args
    (54) exp -> . exp_assign
    (55) exp_assign -> . ID ATTRIB exp_assign
    (56) exp_assign -> . ID PLUSATTRIB exp_assign
    (57) exp_assign -> . ID MINUSATTRIB exp_assign
    (58) exp_assign -> . ID TIMESATTRIB exp_assign
    (59) exp_assign -> . ID DIVIDEATTRIB exp_assign
    (60) exp_assign -> . exp_or
    (61) exp_or -> . exp_or LOGOR exp_and
    (62) exp_or -> . exp_and
    (63) exp_and -> . exp_and LOGAND exp_rel
    (64) exp_and -> . exp_rel
    (65) exp_rel -> . exp_bitor EQUALS exp_bitor
    (66) exp_rel -> . exp_bitor NEQUALS exp_bitor
    (67) exp_rel -> . exp_bitor LESS exp_bitor
    (68) exp_rel -> . exp_bitor GRTR exp_bitor
    (69) exp_rel -> . exp_bitor LESSEQ exp_bitor
    (70) exp_rel -> . exp_bitor GRTREQ exp_bitor
    (71) exp_rel -> . exp_bitor
    (72) exp_bitor -> . exp_bitor BITOR exp_bitxor
    (73) exp_bitor -> . exp_bitxor
    (74) exp_bitxor -> . exp_bitxor BITXOR exp_bitand
    (75) exp_bitxor -> . exp_bitand
    (76) exp_bitand -> . exp_bitand BITAND exp_shift
    (77) exp_bitand -> . exp_shift
    (78) exp_shift -> . exp_shift LSHIFT exp_add
    (79) exp_shift -> . exp_shift RSHIFT exp_add
    (80) exp_shift -> . exp_add
    (81) exp_add -> . exp_add PLUS exp_mul
    (82) exp_add -> . exp_add MINUS exp_mul
    (83) exp_add -> . exp_mul
    (84) exp_mul -> . exp_mul TIMES exp_unary
    (85) exp_mul -> . exp_mul DIVIDE exp_unary
    (86) exp_mul -> . exp_mul MODL exp_unary
    (87) exp_mul -> . exp_unary
    (88) exp_unary -> . LOGNOT exp_unary
    (89) exp_unary -> . MINUS exp_unary
    (90) exp_unary -> . exp_primary
    (91) exp_primary -> . call
    (92) exp_primary -> . NUMBER
    (93) exp_primary -> . ID
    (94) exp_primary -> . STRING
    (95) exp_primary -> . TRUE
    (96) exp_primary -> . FALSE
    (97) exp_primary -> . LPAREN exp RPAREN
    (98) exp_primary -> . LBRACE stmts exp RBRACE
    (99) exp_primary -> . LBRACE stmts RBRACE
    (100) call -> . ID LPAREN args RPAREN
    (101) call -> . ID LPAREN RPAREN

    RPAREN          shift and go to state 132
    ID              shift and go to state 33
    LOGNOT          shift and go to state 47
    MINUS           shift and go to state 45
    NUMBER          shift and go to state 50
    STRING          shift and go to state 51
    TRUE            shift and go to state 52
    FALSE           shift and go to state 53
    LPAREN          shift and go to state 54
    LBRACE          shift and go to state 22

    args                           shift and go to state 131
    exp                            shift and go to state 133
    exp_assign                     shift and go to state 34
    exp_or                         shift and go to state 36
    exp_and                        shift and go to state 37
    exp_rel                        shift and go to state 38
    exp_bitor                      shift and go to state 39
    exp_bitxor                     shift and go to state 40
    exp_bitand                     shift and go to state 41
    exp_shift                      shift and go to state 42
    exp_add                        shift and go to state 43
    exp_mul                        shift and go to state 44
    exp_unary                      shift and go to state 46
    exp_primary                    shift and go to state 48
    call                           shift and go to state 49

state 80

    (46) ifr -> IF exp . LBRACE stmts RBRACE
    (47) ifr -> IF exp . LBRACE stmts RBRACE ELSE LBRACE stmts RBRACE
    (48) ifr -> IF exp . LBRACE stmts RBRACE ELSE ifr

    LBRACE          shift and go to state 134


state 81

    (61) exp_or -> exp_or LOGOR . exp_and
    (63) exp_and -> . exp_and LOGAND exp_rel
    (64) exp_and -> . exp_rel
    (65) exp_rel -> . exp_bitor EQUALS exp_bitor
    (66) exp_rel -> . exp_bitor NEQUALS exp_bitor
    (67) exp_rel -> . exp_bitor LESS exp_bitor
    (68) exp_rel -> . exp_bitor GRTR exp_bitor
    (69) exp_rel -> . exp_bitor LESSEQ exp_bitor
    (70) exp_rel -> . exp_bitor GRTREQ exp_bitor
    (71) exp_rel -> . exp_bitor
    (72) exp_bitor -> . exp_bitor BITOR exp_bitxor
    (73) exp_bitor -> . exp_bitxor
    (74) exp_bitxor -> . exp_bitxor BITXOR exp_bitand
    (75) exp_bitxor -> . exp_bitand
    (76) exp_bitand -> . exp_bitand BITAND exp_shift
    (77) exp_bitand -> . exp_shift
    (78) exp_shift -> . exp_shift LSHIFT exp_add
    (79) exp_shift -> . exp_shift RSHIFT exp_add
    (80) exp_shift -> . exp_add
    (81) exp_add -> . exp_add PLUS exp_mul
    (82) exp_add -> . exp_add MINUS exp_mul
    (83) exp_add -> . exp_mul
    (84) exp_mul -> . exp_mul TIMES exp_unary
    (85) exp_mul -> . exp_mul DIVIDE exp_unary
    (86) exp_mul -> . exp_mul MODL exp_unary
    (87) exp_mul -> . exp_unary
    (88) exp_unary -> . LOGNOT exp_unary
    (89) exp_unary -> . MINUS exp_unary
    (90) exp_unary -> . exp_primary
    (91) exp_primary -> . call
    (92) exp_primary -> . NUMBER
    (93) exp_primary -> . ID
    (94) exp_primary -> . STRING
    (95) exp_primary -> . TRUE
    (96) exp_primary -> . FALSE
    (97) exp_primary -> . LPAREN exp RPAREN
    (98) exp_primary -> . LBRACE stmts exp RBRACE
    (99) exp_primary -> . LBRACE stmts RBRACE
    (100) call -> . ID LPAREN args RPAREN
    (101) call -> . ID LPAREN RPAREN

    LOGNOT          shift and go to state 47
    MINUS           shift and go to state 45
    NUMBER          shift and go to state 50
    ID              shift and go to state 100
    STRING          shift and go to state 51
    TRUE            shift and go to state 52
    FALSE           shift and go to state 53
    LPAREN          shift and go to state 54
    LBRACE          shift and go to state 22

    exp_and                        shift and go to state 135
    exp_rel                        shift and go to state 38
    exp_bitor                      shift and go to state 39
    exp_bitxor                     shift and go to state 40
    exp_bitand                     shift and go to state 41
    exp_shift                      shift and go to state 42
    exp_add                        shift and go to state 43
    exp_mul                        shift and go to state 44
    exp_unary                      shift and go to state 46
    exp_primary                    shift and go to state 48
    call                           shift and go to state 49

state 82

    (63) exp_and -> exp_and LOGAND . exp_rel
    (65) exp_rel -> . exp_bitor EQUALS exp_bitor
    (66) exp_rel -> . exp_bitor NEQUALS exp_bitor
    (67) exp_rel -> . exp_bitor LESS exp_bitor
    (68) exp_rel -> . exp_bitor GRTR exp_bitor
    (69) exp_rel -> . exp_bitor LESSEQ exp_bitor
    (70) exp_rel -> . exp_bitor GRTREQ exp_bitor
    (71) exp_rel -> . exp_bitor
    (72) exp_bitor -> . exp_bitor BITOR exp_bitxor
    (73) exp_bitor -> . exp_bitxor
    (74) exp_bitxor -> . exp_bitxor BITXOR exp_bitand
    (75) exp_bitxor -> . exp_bitand
    (76) exp_bitand -> . exp_bitand BITAND exp_shift
    (77) exp_bitand -> . exp_shift
    (78) exp_shift -> . exp_shift LSHIFT exp_add
    (79) exp_shift -> . exp_shift RSHIFT exp_add
    (80) exp_shift -> . exp_add
    (81) exp_add -> . exp_add PLUS exp_mul
    (82) exp_add -> . exp_add MINUS exp_mul
    (83) exp_add -> . exp_mul
    (84) exp_mul -> . exp_mul TIMES exp_unary
    (85) exp_mul -> . exp_mul DIVIDE exp_unary
    (86) exp_mul -> . exp_mul MODL exp_unary
    (87) exp_mul -> . exp_unary
    (88) exp_unary -> . LOGNOT exp_unary
    (89) exp_unary -> . MINUS exp_unary
    (90) exp_unary -> . exp_primary
    (91) exp_primary -> . call
    (92) exp_primary -> . NUMBER
    (93) exp_primary -> . ID
    (94) exp_primary -> . STRING
    (95) exp_primary -> . TRUE
    (96) exp_primary -> . FALSE
    (97) exp_primary -> . LPAREN exp RPAREN
    (98) exp_primary -> . LBRACE stmts exp RBRACE
    (99) exp_primary -> . LBRACE stmts RBRACE
    (100) call -> . ID LPAREN args RPAREN
    (101) call -> . ID LPAREN RPAREN

    LOGNOT          shift and go to state 47
    MINUS           shift and go to state 45
    NUMBER          shift and go to state 50
    ID              shift and go to state 100
    STRING          shift and go to state 51
    TRUE            shift and go to state 52
    FALSE           shift and go to state 53
    LPAREN          shift and go to state 54
    LBRACE          shift and go to state 22

    exp_rel                        shift and go to state 136
    exp_bitor                      shift and go to state 39
    exp_bitxor                     shift and go to state 40
    exp_bitand                     shift and go to state 41
    exp_shift                      shift and go to state 42
    exp_add                        shift and go to state 43
    exp_mul                        shift and go to state 44
    exp_unary                      shift and go to state 46
    exp_primary                    shift and go to state 48
    call                           shift and go to state 49

state 83

    (65) exp_rel -> exp_bitor EQUALS . exp_bitor
    (72) exp_bitor -> . exp_bitor BITOR exp_bitxor
    (73) exp_bitor -> . exp_bitxor
    (74) exp_bitxor -> . exp_bitxor BITXOR exp_bitand
    (75) exp_bitxor -> . exp_bitand
    (76) exp_bitand -> . exp_bitand BITAND exp_shift
    (77) exp_bitand -> . exp_shift
    (78) exp_shift -> . exp_shift LSHIFT exp_add
    (79) exp_shift -> . exp_shift RSHIFT exp_add
    (80) exp_shift -> . exp_add
    (81) exp_add -> . exp_add PLUS exp_mul
    (82) exp_add -> . exp_add MINUS exp_mul
    (83) exp_add -> . exp_mul
    (84) exp_mul -> . exp_mul TIMES exp_unary
    (85) exp_mul -> . exp_mul DIVIDE exp_unary
    (86) exp_mul -> . exp_mul MODL exp_unary
    (87) exp_mul -> . exp_unary
    (88) exp_unary -> . LOGNOT exp_unary
    (89) exp_unary -> . MINUS exp_unary
    (90) exp_unary -> . exp_primary
    (91) exp_primary -> . call
    (92) exp_primary -> . NUMBER
    (93) exp_primary -> . ID
    (94) exp_primary -> . STRING
    (95) exp_primary -> . TRUE
    (96) exp_primary -> . FALSE
    (97) exp_primary -> . LPAREN exp RPAREN
    (98) exp_primary -> . LBRACE stmts exp RBRACE
    (99) exp_primary -> . LBRACE stmts RBRACE
    (100) call -> . ID LPAREN args RPAREN
    (101) call -> . ID LPAREN RPAREN

    LOGNOT          shift and go to state 47
    MINUS           shift and go to state 45
    NUMBER          shift and go to state 50
    ID              shift and go to state 100
    STRING          shift and go to state 51
    TRUE            shift and go to state 52
    FALSE           shift and go to state 53
    LPAREN          shift and go to state 54
    LBRACE          shift and go to state 22

    exp_bitor                      shift and go to state 137
    exp_bitxor                     shift and go to state 40
    exp_bitand                     shift and go to state 41
    exp_shift                      shift and go to state 42
    exp_add                        shift and go to state 43
    exp_mul                        shift and go to state 44
    exp_unary                      shift and go to state 46
    exp_primary                    shift and go to state 48
    call                           shift and go to state 49

state 84

    (66) exp_rel -> exp_bitor NEQUALS . exp_bitor
    (72) exp_bitor -> . exp_bitor BITOR exp_bitxor
    (73) exp_bitor -> . exp_bitxor
    (74) exp_bitxor -> . exp_bitxor BITXOR exp_bitand
    (75) exp_bitxor -> . exp_bitand
    (76) exp_bitand -> . exp_bitand BITAND exp_shift
    (77) exp_bitand -> . exp_shift
    (78) exp_shift -> . exp_shift LSHIFT exp_add
    (79) exp_shift -> . exp_shift RSHIFT exp_add
    (80) exp_shift -> . exp_add
    (81) exp_add -> . exp_add PLUS exp_mul
    (82) exp_add -> . exp_add MINUS exp_mul
    (83) exp_add -> . exp_mul
    (84) exp_mul -> . exp_mul TIMES exp_unary
    (85) exp_mul -> . exp_mul DIVIDE exp_unary
    (86) exp_mul -> . exp_mul MODL exp_unary
    (87) exp_mul -> . exp_unary
    (88) exp_unary -> . LOGNOT exp_unary
    (89) exp_unary -> . MINUS exp_unary
    (90) exp_unary -> . exp_primary
    (91) exp_primary -> . call
    (92) exp_primary -> . NUMBER
    (93) exp_primary -> . ID
    (94) exp_primary -> . STRING
    (95) exp_primary -> . TRUE
    (96) exp_primary -> . FALSE
    (97) exp_primary -> . LPAREN exp RPAREN
    (98) exp_primary -> . LBRACE stmts exp RBRACE
    (99) exp_primary -> . LBRACE stmts RBRACE
    (100) call -> . ID LPAREN args RPAREN
    (101) call -> . ID LPAREN RPAREN

    LOGNOT          shift and go to state 47
    MINUS           shift and go to state 45
    NUMBER          shift and go to state 50
    ID              shift and go to state 100
    STRING          shift and go to state 51
    TRUE            shift and go to state 52
    FALSE           shift and go to state 53
    LPAREN          shift and go to state 54
    LBRACE          shift and go to state 22

    exp_bitor                      shift and go to state 138
    exp_bitxor                     shift and go to state 40
    exp_bitand                     shift and go to state 41
    exp_shift                      shift and go to state 42
    exp_add                        shift and go to state 43
    exp_mul                        shift and go to state 44
    exp_unary                      shift and go to state 46
    exp_primary                    shift and go to state 48
    call                           shift and go to state 49

state 85

    (67) exp_rel -> exp_bitor LESS . exp_bitor
    (72) exp_bitor -> . exp_bitor BITOR exp_bitxor
    (73) exp_bitor -> . exp_bitxor
    (74) exp_bitxor -> . exp_bitxor BITXOR exp_bitand
    (75) exp_bitxor -> . exp_bitand
    (76) exp_bitand -> . exp_bitand BITAND exp_shift
    (77) exp_bitand -> . exp_shift
    (78) exp_shift -> . exp_shift LSHIFT exp_add
    (79) exp_shift -> . exp_shift RSHIFT exp_add
    (80) exp_shift -> . exp_add
    (81) exp_add -> . exp_add PLUS exp_mul
    (82) exp_add -> . exp_add MINUS exp_mul
    (83) exp_add -> . exp_mul
    (84) exp_mul -> . exp_mul TIMES exp_unary
    (85) exp_mul -> . exp_mul DIVIDE exp_unary
    (86) exp_mul -> . exp_mul MODL exp_unary
    (87) exp_mul -> . exp_unary
    (88) exp_unary -> . LOGNOT exp_unary
    (89) exp_unary -> . MINUS exp_unary
    (90) exp_unary -> . exp_primary
    (91) exp_primary -> . call
    (92) exp_primary -> . NUMBER
    (93) exp_primary -> . ID
    (94) exp_primary -> . STRING
    (95) exp_primary -> . TRUE
    (96) exp_primary -> . FALSE
    (97) exp_primary -> . LPAREN exp RPAREN
    (98) exp_primary -> . LBRACE stmts exp RBRACE
    (99) exp_primary -> . LBRACE stmts RBRACE
    (100) call -> . ID LPAREN args RPAREN
    (101) call -> . ID LPAREN RPAREN

    LOGNOT          shift and go to state 47
    MINUS           shift and go to state 45
    NUMBER          shift and go to state 50
    ID              shift and go to state 100
    STRING          shift and go to state 51
    TRUE            shift and go to state 52
    FALSE           shift and go to state 53
    LPAREN          shift and go to state 54
    LBRACE          shift and go to state 22

    exp_bitor                      shift and go to state 139
    exp_bitxor                     shift and go to state 40
    exp_bitand                     shift and go to state 41
    exp_shift                      shift and go to state 42
    exp_add                        shift and go to state 43
    exp_mul                        shift and go to state 44
    exp_unary                      shift and go to state 46
    exp_primary                    shift and go to state 48
    call                           shift and go to state 49

state 86

    (68) exp_rel -> exp_bitor GRTR . exp_bitor
    (72) exp_bitor -> . exp_bitor BITOR exp_bitxor
    (73) exp_bitor -> . exp_bitxor
    (74) exp_bitxor -> . exp_bitxor BITXOR exp_bitand
    (75) exp_bitxor -> . exp_bitand
    (76) exp_bitand -> . exp_bitand BITAND exp_shift
    (77) exp_bitand -> . exp_shift
    (78) exp_shift -> . exp_shift LSHIFT exp_add
    (79) exp_shift -> . exp_shift RSHIFT exp_add
    (80) exp_shift -> . exp_add
    (81) exp_add -> . exp_add PLUS exp_mul
    (82) exp_add -> . exp_add MINUS exp_mul
    (83) exp_add -> . exp_mul
    (84) exp_mul -> . exp_mul TIMES exp_unary
    (85) exp_mul -> . exp_mul DIVIDE exp_unary
    (86) exp_mul -> . exp_mul MODL exp_unary
    (87) exp_mul -> . exp_unary
    (88) exp_unary -> . LOGNOT exp_unary
    (89) exp_unary -> . MINUS exp_unary
    (90) exp_unary -> . exp_primary
    (91) exp_primary -> . call
    (92) exp_primary -> . NUMBER
    (93) exp_primary -> . ID
    (94) exp_primary -> . STRING
    (95) exp_primary -> . TRUE
    (96) exp_primary -> . FALSE
    (97) exp_primary -> . LPAREN exp RPAREN
    (98) exp_primary -> . LBRACE stmts exp RBRACE
    (99) exp_primary -> . LBRACE stmts RBRACE
    (100) call -> . ID LPAREN args RPAREN
    (101) call -> . ID LPAREN RPAREN

    LOGNOT          shift and go to state 47
    MINUS           shift and go to state 45
    NUMBER          shift and go to state 50
    ID              shift and go to state 100
    STRING          shift and go to state 51
    TRUE            shift and go to state 52
    FALSE           shift and go to state 53
    LPAREN          shift and go to state 54
    LBRACE          shift and go to state 22

    exp_bitor                      shift and go to state 140
    exp_bitxor                     shift and go to state 40
    exp_bitand                     shift and go to state 41
    exp_shift                      shift and go to state 42
    exp_add                        shift and go to state 43
    exp_mul                        shift and go to state 44
    exp_unary                      shift and go to state 46
    exp_primary                    shift and go to state 48
    call                           shift and go to state 49

state 87

    (69) exp_rel -> exp_bitor LESSEQ . exp_bitor
    (72) exp_bitor -> . exp_bitor BITOR exp_bitxor
    (73) exp_bitor -> . exp_bitxor
    (74) exp_bitxor -> . exp_bitxor BITXOR exp_bitand
    (75) exp_bitxor -> . exp_bitand
    (76) exp_bitand -> . exp_bitand BITAND exp_shift
    (77) exp_bitand -> . exp_shift
    (78) exp_shift -> . exp_shift LSHIFT exp_add
    (79) exp_shift -> . exp_shift RSHIFT exp_add
    (80) exp_shift -> . exp_add
    (81) exp_add -> . exp_add PLUS exp_mul
    (82) exp_add -> . exp_add MINUS exp_mul
    (83) exp_add -> . exp_mul
    (84) exp_mul -> . exp_mul TIMES exp_unary
    (85) exp_mul -> . exp_mul DIVIDE exp_unary
    (86) exp_mul -> . exp_mul MODL exp_unary
    (87) exp_mul -> . exp_unary
    (88) exp_unary -> . LOGNOT exp_unary
    (89) exp_unary -> . MINUS exp_unary
    (90) exp_unary -> . exp_primary
    (91) exp_primary -> . call
    (92) exp_primary -> . NUMBER
    (93) exp_primary -> . ID
    (94) exp_primary -> . STRING
    (95) exp_primary -> . TRUE
    (96) exp_primary -> . FALSE
    (97) exp_primary -> . LPAREN exp RPAREN
    (98) exp_primary -> . LBRACE stmts exp RBRACE
    (99) exp_primary -> . LBRACE stmts RBRACE
    (100) call -> . ID LPAREN args RPAREN
    (101) call -> . ID LPAREN RPAREN

    LOGNOT          shift and go to state 47
    MINUS           shift and go to state 45
    NUMBER          shift and go to state 50
    ID              shift and go to state 100
    STRING          shift and go to state 51
    TRUE            shift and go to state 52
    FALSE           shift and go to state 53
    LPAREN          shift and go to state 54
    LBRACE          shift and go to state 22

    exp_bitor                      shift and go to state 141
    exp_bitxor                     shift and go to state 40
    exp_bitand                     shift and go to state 41
    exp_shift                      shift and go to state 42
    exp_add                        shift and go to state 43
    exp_mul                        shift and go to state 44
    exp_unary                      shift and go to state 46
    exp_primary                    shift and go to state 48
    call                           shift and go to state 49

state 88

    (70) exp_rel -> exp_bitor GRTREQ . exp_bitor
    (72) exp_bitor -> . exp_bitor BITOR exp_bitxor
    (73) exp_bitor -> . exp_bitxor
    (74) exp_bitxor -> . exp_bitxor BITXOR exp_bitand
    (75) exp_bitxor -> . exp_bitand
    (76) exp_bitand -> . exp_bitand BITAND exp_shift
    (77) exp_bitand -> . exp_shift
    (78) exp_shift -> . exp_shift LSHIFT exp_add
    (79) exp_shift -> . exp_shift RSHIFT exp_add
    (80) exp_shift -> . exp_add
    (81) exp_add -> . exp_add PLUS exp_mul
    (82) exp_add -> . exp_add MINUS exp_mul
    (83) exp_add -> . exp_mul
    (84) exp_mul -> . exp_mul TIMES exp_unary
    (85) exp_mul -> . exp_mul DIVIDE exp_unary
    (86) exp_mul -> . exp_mul MODL exp_unary
    (87) exp_mul -> . exp_unary
    (88) exp_unary -> . LOGNOT exp_unary
    (89) exp_unary -> . MINUS exp_unary
    (90) exp_unary -> . exp_primary
    (91) exp_primary -> . call
    (92) exp_primary -> . NUMBER
    (93) exp_primary -> . ID
    (94) exp_primary -> . STRING
    (95) exp_primary -> . TRUE
    (96) exp_primary -> . FALSE
    (97) exp_primary -> . LPAREN exp RPAREN
    (98) exp_primary -> . LBRACE stmts exp RBRACE
    (99) exp_primary -> . LBRACE stmts RBRACE
    (100) call -> . ID LPAREN args RPAREN
    (101) call -> . ID LPAREN RPAREN

    LOGNOT          shift and go to state 47
    MINUS           shift and go to state 45
    NUMBER          shift and go to state 50
    ID              shift and go to state 100
    STRING          shift and go to state 51
    TRUE            shift and go to state 52
    FALSE           shift and go to state 53
    LPAREN          shift and go to state 54
    LBRACE          shift and go to state 22

    exp_bitor                      shift and go to state 142
    exp_bitxor                     shift and go to state 40
    exp_bitand                     shift and go to state 41
    exp_shift                      shift and go to state 42
    exp_add                        shift and go to state 43
    exp_mul                        shift and go to state 44
    exp_unary                      shift and go to state 46
    exp_primary                    shift and go to state 48
    call                           shift and go to state 49

state 89

    (72) exp_bitor -> exp_bitor BITOR . exp_bitxor
    (74) exp_bitxor -> . exp_bitxor BITXOR exp_bitand
    (75) exp_bitxor -> . exp_bitand
    (76) exp_bitand -> . exp_bitand BITAND exp_shift
    (77) exp_bitand -> . exp_shift
    (78) exp_shift -> . exp_shift LSHIFT exp_add
    (79) exp_shift -> . exp_shift RSHIFT exp_add
    (80) exp_shift -> . exp_add
    (81) exp_add -> . exp_add PLUS exp_mul
    (82) exp_add -> . exp_add MINUS exp_mul
    (83) exp_add -> . exp_mul
    (84) exp_mul -> . exp_mul TIMES exp_unary
    (85) exp_mul -> . exp_mul DIVIDE exp_unary
    (86) exp_mul -> . exp_mul MODL exp_unary
    (87) exp_mul -> . exp_unary
    (88) exp_unary -> . LOGNOT exp_unary
    (89) exp_unary -> . MINUS exp_unary
    (90) exp_unary -> . exp_primary
    (91) exp_primary -> . call
    (92) exp_primary -> . NUMBER
    (93) exp_primary -> . ID
    (94) exp_primary -> . STRING
    (95) exp_primary -> . TRUE
    (96) exp_primary -> . FALSE
    (97) exp_primary -> . LPAREN exp RPAREN
    (98) exp_primary -> . LBRACE stmts exp RBRACE
    (99) exp_primary -> . LBRACE stmts RBRACE
    (100) call -> . ID LPAREN args RPAREN
    (101) call -> . ID LPAREN RPAREN

    LOGNOT          shift and go to state 47
    MINUS           shift and go to state 45
    NUMBER          shift and go to state 50
    ID              shift and go to state 100
    STRING          shift and go to state 51
    TRUE            shift and go to state 52
    FALSE           shift and go to state 53
    LPAREN          shift and go to state 54
    LBRACE          shift and go to state 22

    exp_bitxor                     shift and go to state 143
    exp_bitand                     shift and go to state 41
    exp_shift                      shift and go to state 42
    exp_add                        shift and go to state 43
    exp_mul                        shift and go to state 44
    exp_unary                      shift and go to state 46
    exp_primary                    shift and go to state 48
    call                           shift and go to state 49

state 90

    (74) exp_bitxor -> exp_bitxor BITXOR . exp_bitand
    (76) exp_bitand -> . exp_bitand BITAND exp_shift
    (77) exp_bitand -> . exp_shift
    (78) exp_shift -> . exp_shift LSHIFT exp_add
    (79) exp_shift -> . exp_shift RSHIFT exp_add
    (80) exp_shift -> . exp_add
    (81) exp_add -> . exp_add PLUS exp_mul
    (82) exp_add -> . exp_add MINUS exp_mul
    (83) exp_add -> . exp_mul
    (84) exp_mul -> . exp_mul TIMES exp_unary
    (85) exp_mul -> . exp_mul DIVIDE exp_unary
    (86) exp_mul -> . exp_mul MODL exp_unary
    (87) exp_mul -> . exp_unary
    (88) exp_unary -> . LOGNOT exp_unary
    (89) exp_unary -> . MINUS exp_unary
    (90) exp_unary -> . exp_primary
    (91) exp_primary -> . call
    (92) exp_primary -> . NUMBER
    (93) exp_primary -> . ID
    (94) exp_primary -> . STRING
    (95) exp_primary -> . TRUE
    (96) exp_primary -> . FALSE
    (97) exp_primary -> . LPAREN exp RPAREN
    (98) exp_primary -> . LBRACE stmts exp RBRACE
    (99) exp_primary -> . LBRACE stmts RBRACE
    (100) call -> . ID LPAREN args RPAREN
    (101) call -> . ID LPAREN RPAREN

    LOGNOT          shift and go to state 47
    MINUS           shift and go to state 45
    NUMBER          shift and go to state 50
    ID              shift and go to state 100
    STRING          shift and go to state 51
    TRUE            shift and go to state 52
    FALSE           shift and go to state 53
    LPAREN          shift and go to state 54
    LBRACE          shift and go to state 22

    exp_bitand                     shift and go to state 144
    exp_shift                      shift and go to state 42
    exp_add                        shift and go to state 43
    exp_mul                        shift and go to state 44
    exp_unary                      shift and go to state 46
    exp_primary                    shift and go to state 48
    call                           shift and go to state 49

state 91

    (76) exp_bitand -> exp_bitand BITAND . exp_shift
    (78) exp_shift -> . exp_shift LSHIFT exp_add
    (79) exp_shift -> . exp_shift RSHIFT exp_add
    (80) exp_shift -> . exp_add
    (81) exp_add -> . exp_add PLUS exp_mul
    (82) exp_add -> . exp_add MINUS exp_mul
    (83) exp_add -> . exp_mul
    (84) exp_mul -> . exp_mul TIMES exp_unary
    (85) exp_mul -> . exp_mul DIVIDE exp_unary
    (86) exp_mul -> . exp_mul MODL exp_unary
    (87) exp_mul -> . exp_unary
    (88) exp_unary -> . LOGNOT exp_unary
    (89) exp_unary -> . MINUS exp_unary
    (90) exp_unary -> . exp_primary
    (91) exp_primary -> . call
    (92) exp_primary -> . NUMBER
    (93) exp_primary -> . ID
    (94) exp_primary -> . STRING
    (95) exp_primary -> . TRUE
    (96) exp_primary -> . FALSE
    (97) exp_primary -> . LPAREN exp RPAREN
    (98) exp_primary -> . LBRACE stmts exp RBRACE
    (99) exp_primary -> . LBRACE stmts RBRACE
    (100) call -> . ID LPAREN args RPAREN
    (101) call -> . ID LPAREN RPAREN

    LOGNOT          shift and go to state 47
    MINUS           shift and go to state 45
    NUMBER          shift and go to state 50
    ID              shift and go to state 100
    STRING          shift and go to state 51
    TRUE            shift and go to state 52
    FALSE           shift and go to state 53
    LPAREN          shift and go to state 54
    LBRACE          shift and go to state 22

    exp_shift                      shift and go to state 145
    exp_add                        shift and go to state 43
    exp_mul                        shift and go to state 44
    exp_unary                      shift and go to state 46
    exp_primary                    shift and go to state 48
    call                           shift and go to state 49

state 92

    (78) exp_shift -> exp_shift LSHIFT . exp_add
    (81) exp_add -> . exp_add PLUS exp_mul
    (82) exp_add -> . exp_add MINUS exp_mul
    (83) exp_add -> . exp_mul
    (84) exp_mul -> . exp_mul TIMES exp_unary
    (85) exp_mul -> . exp_mul DIVIDE exp_unary
    (86) exp_mul -> . exp_mul MODL exp_unary
    (87) exp_mul -> . exp_unary
    (88) exp_unary -> . LOGNOT exp_unary
    (89) exp_unary -> . MINUS exp_unary
    (90) exp_unary -> . exp_primary
    (91) exp_primary -> . call
    (92) exp_primary -> . NUMBER
    (93) exp_primary -> . ID
    (94) exp_primary -> . STRING
    (95) exp_primary -> . TRUE
    (96) exp_primary -> . FALSE
    (97) exp_primary -> . LPAREN exp RPAREN
    (98) exp_primary -> . LBRACE stmts exp RBRACE
    (99) exp_primary -> . LBRACE stmts RBRACE
    (100) call -> . ID LPAREN args RPAREN
    (101) call -> . ID LPAREN RPAREN

    LOGNOT          shift and go to state 47
    MINUS           shift and go to state 45
    NUMBER          shift and go to state 50
    ID              shift and go to state 100
    STRING          shift and go to state 51
    TRUE            shift and go to state 52
    FALSE           shift and go to state 53
    LPAREN          shift and go to state 54
    LBRACE          shift and go to state 22

    exp_add                        shift and go to state 146
    exp_mul                        shift and go to state 44
    exp_unary                      shift and go to state 46
    exp_primary                    shift and go to state 48
    call                           shift and go to state 49

state 93

    (79) exp_shift -> exp_shift RSHIFT . exp_add
    (81) exp_add -> . exp_add PLUS exp_mul
    (82) exp_add -> . exp_add MINUS exp_mul
    (83) exp_add -> . exp_mul
    (84) exp_mul -> . exp_mul TIMES exp_unary
    (85) exp_mul -> . exp_mul DIVIDE exp_unary
    (86) exp_mul -> . exp_mul MODL exp_unary
    (87) exp_mul -> . exp_unary
    (88) exp_unary -> . LOGNOT exp_unary
    (89) exp_unary -> . MINUS exp_unary
    (90) exp_unary -> . exp_primary
    (91) exp_primary -> . call
    (92) exp_primary -> . NUMBER
    (93) exp_primary -> . ID
    (94) exp_primary -> . STRING
    (95) exp_primary -> . TRUE
    (96) exp_primary -> . FALSE
    (97) exp_primary -> . LPAREN exp RPAREN
    (98) exp_primary -> . LBRACE stmts exp RBRACE
    (99) exp_primary -> . LBRACE stmts RBRACE
    (100) call -> . ID LPAREN args RPAREN
    (101) call -> . ID LPAREN RPAREN

    LOGNOT          shift and go to state 47
    MINUS           shift and go to state 45
    NUMBER          shift and go to state 50
    ID              shift and go to state 100
    STRING          shift and go to state 51
    TRUE            shift and go to state 52
    FALSE           shift and go to state 53
    LPAREN          shift and go to state 54
    LBRACE          shift and go to state 22

    exp_add                        shift and go to state 147
    exp_mul                        shift and go to state 44
    exp_unary                      shift and go to state 46
    exp_primary                    shift and go to state 48
    call                           shift and go to state 49

state 94

    (81) exp_add -> exp_add PLUS . exp_mul
    (84) exp_mul -> . exp_mul TIMES exp_unary
    (85) exp_mul -> . exp_mul DIVIDE exp_unary
    (86) exp_mul -> . exp_mul MODL exp_unary
    (87) exp_mul -> . exp_unary
    (88) exp_unary -> . LOGNOT exp_unary
    (89) exp_unary -> . MINUS exp_unary
    (90) exp_unary -> . exp_primary
    (91) exp_primary -> . call
    (92) exp_primary -> . NUMBER
    (93) exp_primary -> . ID
    (94) exp_primary -> . STRING
    (95) exp_primary -> . TRUE
    (96) exp_primary -> . FALSE
    (97) exp_primary -> . LPAREN exp RPAREN
    (98) exp_primary -> . LBRACE stmts exp RBRACE
    (99) exp_primary -> . LBRACE stmts RBRACE
    (100) call -> . ID LPAREN args RPAREN
    (101) call -> . ID LPAREN RPAREN

    LOGNOT          shift and go to state 47
    MINUS           shift and go to state 45
    NUMBER          shift and go to state 50
    ID              shift and go to state 100
    STRING          shift and go to state 51
    TRUE            shift and go to state 52
    FALSE           shift and go to state 53
    LPAREN          shift and go to state 54
    LBRACE          shift and go to state 22

    exp_mul                        shift and go to state 148
    exp_unary                      shift and go to state 46
    exp_primary                    shift and go to state 48
    call                           shift and go to state 49

state 95

    (82) exp_add -> exp_add MINUS . exp_mul
    (84) exp_mul -> . exp_mul TIMES exp_unary
    (85) exp_mul -> . exp_mul DIVIDE exp_unary
    (86) exp_mul -> . exp_mul MODL exp_unary
    (87) exp_mul -> . exp_unary
    (88) exp_unary -> . LOGNOT exp_unary
    (89) exp_unary -> . MINUS exp_unary
    (90) exp_unary -> . exp_primary
    (91) exp_primary -> . call
    (92) exp_primary -> . NUMBER
    (93) exp_primary -> . ID
    (94) exp_primary -> . STRING
    (95) exp_primary -> . TRUE
    (96) exp_primary -> . FALSE
    (97) exp_primary -> . LPAREN exp RPAREN
    (98) exp_primary -> . LBRACE stmts exp RBRACE
    (99) exp_primary -> . LBRACE stmts RBRACE
    (100) call -> . ID LPAREN args RPAREN
    (101) call -> . ID LPAREN RPAREN

    LOGNOT          shift and go to state 47
    MINUS           shift and go to state 45
    NUMBER          shift and go to state 50
    ID              shift and go to state 100
    STRING          shift and go to state 51
    TRUE            shift and go to state 52
    FALSE           shift and go to state 53
    LPAREN          shift and go to state 54
    LBRACE          shift and go to state 22

    exp_mul                        shift and go to state 149
    exp_unary                      shift and go to state 46
    exp_primary                    shift and go to state 48
    call                           shift and go to state 49

state 96

    (84) exp_mul -> exp_mul TIMES . exp_unary
    (88) exp_unary -> . LOGNOT exp_unary
    (89) exp_unary -> . MINUS exp_unary
    (90) exp_unary -> . exp_primary
    (91) exp_primary -> . call
    (92) exp_primary -> . NUMBER
    (93) exp_primary -> . ID
    (94) exp_primary -> . STRING
    (95) exp_primary -> . TRUE
    (96) exp_primary -> . FALSE
    (97) exp_primary -> . LPAREN exp RPAREN
    (98) exp_primary -> . LBRACE stmts exp RBRACE
    (99) exp_primary -> . LBRACE stmts RBRACE
    (100) call -> . ID LPAREN args RPAREN
    (101) call -> . ID LPAREN RPAREN

    LOGNOT          shift and go to state 47
    MINUS           shift and go to state 45
    NUMBER          shift and go to state 50
    ID              shift and go to state 100
    STRING          shift and go to state 51
    TRUE            shift and go to state 52
    FALSE           shift and go to state 53
    LPAREN          shift and go to state 54
    LBRACE          shift and go to state 22

    exp_unary                      shift and go to state 150
    exp_primary                    shift and go to state 48
    call                           shift and go to state 49

state 97

    (85) exp_mul -> exp_mul DIVIDE . exp_unary
    (88) exp_unary -> . LOGNOT exp_unary
    (89) exp_unary -> . MINUS exp_unary
    (90) exp_unary -> . exp_primary
    (91) exp_primary -> . call
    (92) exp_primary -> . NUMBER
    (93) exp_primary -> . ID
    (94) exp_primary -> . STRING
    (95) exp_primary -> . TRUE
    (96) exp_primary -> . FALSE
    (97) exp_primary -> . LPAREN exp RPAREN
    (98) exp_primary -> . LBRACE stmts exp RBRACE
    (99) exp_primary -> . LBRACE stmts RBRACE
    (100) call -> . ID LPAREN args RPAREN
    (101) call -> . ID LPAREN RPAREN

    LOGNOT          shift and go to state 47
    MINUS           shift and go to state 45
    NUMBER          shift and go to state 50
    ID              shift and go to state 100
    STRING          shift and go to state 51
    TRUE            shift and go to state 52
    FALSE           shift and go to state 53
    LPAREN          shift and go to state 54
    LBRACE          shift and go to state 22

    exp_unary                      shift and go to state 151
    exp_primary                    shift and go to state 48
    call                           shift and go to state 49

state 98

    (86) exp_mul -> exp_mul MODL . exp_unary
    (88) exp_unary -> . LOGNOT exp_unary
    (89) exp_unary -> . MINUS exp_unary
    (90) exp_unary -> . exp_primary
    (91) exp_primary -> . call
    (92) exp_primary -> . NUMBER
    (93) exp_primary -> . ID
    (94) exp_primary -> . STRING
    (95) exp_primary -> . TRUE
    (96) exp_primary -> . FALSE
    (97) exp_primary -> . LPAREN exp RPAREN
    (98) exp_primary -> . LBRACE stmts exp RBRACE
    (99) exp_primary -> . LBRACE stmts RBRACE
    (100) call -> . ID LPAREN args RPAREN
    (101) call -> . ID LPAREN RPAREN

    LOGNOT          shift and go to state 47
    MINUS           shift and go to state 45
    NUMBER          shift and go to state 50
    ID              shift and go to state 100
    STRING          shift and go to state 51
    TRUE            shift and go to state 52
    FALSE           shift and go to state 53
    LPAREN          shift and go to state 54
    LBRACE          shift and go to state 22

    exp_unary                      shift and go to state 152
    exp_primary                    shift and go to state 48
    call                           shift and go to state 49

state 99

    (89) exp_unary -> MINUS exp_unary .

    TIMES           reduce using rule 89 (exp_unary -> MINUS exp_unary .)
    DIVIDE          reduce using rule 89 (exp_unary -> MINUS exp_unary .)
    MODL            reduce using rule 89 (exp_unary -> MINUS exp_unary .)
    PLUS            reduce using rule 89 (exp_unary -> MINUS exp_unary .)
    MINUS           reduce using rule 89 (exp_unary -> MINUS exp_unary .)
    LSHIFT          reduce using rule 89 (exp_unary -> MINUS exp_unary .)
    RSHIFT          reduce using rule 89 (exp_unary -> MINUS exp_unary .)
    BITAND          reduce using rule 89 (exp_unary -> MINUS exp_unary .)
    BITXOR          reduce using rule 89 (exp_unary -> MINUS exp_unary .)
    EQUALS          reduce using rule 89 (exp_unary -> MINUS exp_unary .)
    NEQUALS         reduce using rule 89 (exp_unary -> MINUS exp_unary .)
    LESS            reduce using rule 89 (exp_unary -> MINUS exp_unary .)
    GRTR            reduce using rule 89 (exp_unary -> MINUS exp_unary .)
    LESSEQ          reduce using rule 89 (exp_unary -> MINUS exp_unary .)
    GRTREQ          reduce using rule 89 (exp_unary -> MINUS exp_unary .)
    BITOR           reduce using rule 89 (exp_unary -> MINUS exp_unary .)
    LOGAND          reduce using rule 89 (exp_unary -> MINUS exp_unary .)
    LOGOR           reduce using rule 89 (exp_unary -> MINUS exp_unary .)
    SCOLON          reduce using rule 89 (exp_unary -> MINUS exp_unary .)
    LBRACE          reduce using rule 89 (exp_unary -> MINUS exp_unary .)
    RPAREN          reduce using rule 89 (exp_unary -> MINUS exp_unary .)
    RBRACE          reduce using rule 89 (exp_unary -> MINUS exp_unary .)
    COMMA           reduce using rule 89 (exp_unary -> MINUS exp_unary .)


state 100

    (93) exp_primary -> ID .
    (100) call -> ID . LPAREN args RPAREN
    (101) call -> ID . LPAREN RPAREN

    TIMES           reduce using rule 93 (exp_primary -> ID .)
    DIVIDE          reduce using rule 93 (exp_primary -> ID .)
    MODL            reduce using rule 93 (exp_primary -> ID .)
    PLUS            reduce using rule 93 (exp_primary -> ID .)
    MINUS           reduce using rule 93 (exp_primary -> ID .)
    LSHIFT          reduce using rule 93 (exp_primary -> ID .)
    RSHIFT          reduce using rule 93 (exp_primary -> ID .)
    BITAND          reduce using rule 93 (exp_primary -> ID .)
    BITXOR          reduce using rule 93 (exp_primary -> ID .)
    EQUALS          reduce using rule 93 (exp_primary -> ID .)
    NEQUALS         reduce using rule 93 (exp_primary -> ID .)
    LESS            reduce using rule 93 (exp_primary -> ID .)
    GRTR            reduce using rule 93 (exp_primary -> ID .)
    LESSEQ          reduce using rule 93 (exp_primary -> ID .)
    GRTREQ          reduce using rule 93 (exp_primary -> ID .)
    BITOR           reduce using rule 93 (exp_primary -> ID .)
    LOGAND          reduce using rule 93 (exp_primary -> ID .)
    LOGOR           reduce using rule 93 (exp_primary -> ID .)
    SCOLON          reduce using rule 93 (exp_primary -> ID .)
    LBRACE          reduce using rule 93 (exp_primary -> ID .)
    RPAREN          reduce using rule 93 (exp_primary -> ID .)
    RBRACE          reduce using rule 93 (exp_primary -> ID .)
    COMMA           reduce using rule 93 (exp_primary -> ID .)
    LPAREN          shift and go to state 79


state 101

    (88) exp_unary -> LOGNOT exp_unary .

    TIMES           reduce using rule 88 (exp_unary -> LOGNOT exp_unary .)
    DIVIDE          reduce using rule 88 (exp_unary -> LOGNOT exp_unary .)
    MODL            reduce using rule 88 (exp_unary -> LOGNOT exp_unary .)
    PLUS            reduce using rule 88 (exp_unary -> LOGNOT exp_unary .)
    MINUS           reduce using rule 88 (exp_unary -> LOGNOT exp_unary .)
    LSHIFT          reduce using rule 88 (exp_unary -> LOGNOT exp_unary .)
    RSHIFT          reduce using rule 88 (exp_unary -> LOGNOT exp_unary .)
    BITAND          reduce using rule 88 (exp_unary -> LOGNOT exp_unary .)
    BITXOR          reduce using rule 88 (exp_unary -> LOGNOT exp_unary .)
    EQUALS          reduce using rule 88 (exp_unary -> LOGNOT exp_unary .)
    NEQUALS         reduce using rule 88 (exp_unary -> LOGNOT exp_unary .)
    LESS            reduce using rule 88 (exp_unary -> LOGNOT exp_unary .)
    GRTR            reduce using rule 88 (exp_unary -> LOGNOT exp_unary .)
    LESSEQ          reduce using rule 88 (exp_unary -> LOGNOT exp_unary .)
    GRTREQ          reduce using rule 88 (exp_unary -> LOGNOT exp_unary .)
    BITOR           reduce using rule 88 (exp_unary -> LOGNOT exp_unary .)
    LOGAND          reduce using rule 88 (exp_unary -> LOGNOT exp_unary .)
    LOGOR           reduce using rule 88 (exp_unary -> LOGNOT exp_unary .)
    SCOLON          reduce using rule 88 (exp_unary -> LOGNOT exp_unary .)
    LBRACE          reduce using rule 88 (exp_unary -> LOGNOT exp_unary .)
    RPAREN          reduce using rule 88 (exp_unary -> LOGNOT exp_unary .)
    RBRACE          reduce using rule 88 (exp_unary -> LOGNOT exp_unary .)
    COMMA           reduce using rule 88 (exp_unary -> LOGNOT exp_unary .)


state 102

    (97) exp_primary -> LPAREN exp . RPAREN

    RPAREN          shift and go to state 153


state 103

    (22) structfield -> ID . COLON type

    COLON           shift and go to state 154


state 104

    (19) structdecl -> STRUCT ID LBRACE structfields . RBRACE

    RBRACE          shift and go to state 155


state 105

    (20) structfields -> structfield .
    (21) structfields -> structfield . COMMA structfields

    RBRACE          reduce using rule 20 (structfields -> structfield .)
    COMMA           shift and go to state 156


state 106

    (23) traitdecl -> TRAIT ID LBRACE traitbody . RBRACE

    RBRACE          shift and go to state 157


state 107

    (24) traitbody -> traitsignatures .
    (25) traitbody -> traitsignatures . traitbody
    (24) traitbody -> . traitsignatures
    (25) traitbody -> . traitsignatures traitbody
    (26) traitsignatures -> . signature SCOLON
    (27) traitsignatures -> . funcdecl
    (28) traitsignatures -> . traitmethod
    (8) signature -> . FN ID signaturei
    (7) funcdecl -> . signature body
    (29) traitmethod -> . FN ID traitsignature

    RBRACE          reduce using rule 24 (traitbody -> traitsignatures .)
    FN              shift and go to state 111

    traitsignatures                shift and go to state 107
    traitbody                      shift and go to state 158
    signature                      shift and go to state 108
    funcdecl                       shift and go to state 109
    traitmethod                    shift and go to state 110

state 108

    (26) traitsignatures -> signature . SCOLON
    (7) funcdecl -> signature . body
    (18) body -> . LBRACE stmts RBRACE

    SCOLON          shift and go to state 159
    LBRACE          shift and go to state 15

    body                           shift and go to state 14

state 109

    (27) traitsignatures -> funcdecl .

    FN              reduce using rule 27 (traitsignatures -> funcdecl .)
    RBRACE          reduce using rule 27 (traitsignatures -> funcdecl .)


state 110

    (28) traitsignatures -> traitmethod .

    FN              reduce using rule 28 (traitsignatures -> traitmethod .)
    RBRACE          reduce using rule 28 (traitsignatures -> traitmethod .)


state 111

    (8) signature -> FN . ID signaturei
    (29) traitmethod -> FN . ID traitsignature

    ID              shift and go to state 160


state 112

    (49) decl -> LET ID typedecl ATTRIB . exp SCOLON
    (54) exp -> . exp_assign
    (55) exp_assign -> . ID ATTRIB exp_assign
    (56) exp_assign -> . ID PLUSATTRIB exp_assign
    (57) exp_assign -> . ID MINUSATTRIB exp_assign
    (58) exp_assign -> . ID TIMESATTRIB exp_assign
    (59) exp_assign -> . ID DIVIDEATTRIB exp_assign
    (60) exp_assign -> . exp_or
    (61) exp_or -> . exp_or LOGOR exp_and
    (62) exp_or -> . exp_and
    (63) exp_and -> . exp_and LOGAND exp_rel
    (64) exp_and -> . exp_rel
    (65) exp_rel -> . exp_bitor EQUALS exp_bitor
    (66) exp_rel -> . exp_bitor NEQUALS exp_bitor
    (67) exp_rel -> . exp_bitor LESS exp_bitor
    (68) exp_rel -> . exp_bitor GRTR exp_bitor
    (69) exp_rel -> . exp_bitor LESSEQ exp_bitor
    (70) exp_rel -> . exp_bitor GRTREQ exp_bitor
    (71) exp_rel -> . exp_bitor
    (72) exp_bitor -> . exp_bitor BITOR exp_bitxor
    (73) exp_bitor -> . exp_bitxor
    (74) exp_bitxor -> . exp_bitxor BITXOR exp_bitand
    (75) exp_bitxor -> . exp_bitand
    (76) exp_bitand -> . exp_bitand BITAND exp_shift
    (77) exp_bitand -> . exp_shift
    (78) exp_shift -> . exp_shift LSHIFT exp_add
    (79) exp_shift -> . exp_shift RSHIFT exp_add
    (80) exp_shift -> . exp_add
    (81) exp_add -> . exp_add PLUS exp_mul
    (82) exp_add -> . exp_add MINUS exp_mul
    (83) exp_add -> . exp_mul
    (84) exp_mul -> . exp_mul TIMES exp_unary
    (85) exp_mul -> . exp_mul DIVIDE exp_unary
    (86) exp_mul -> . exp_mul MODL exp_unary
    (87) exp_mul -> . exp_unary
    (88) exp_unary -> . LOGNOT exp_unary
    (89) exp_unary -> . MINUS exp_unary
    (90) exp_unary -> . exp_primary
    (91) exp_primary -> . call
    (92) exp_primary -> . NUMBER
    (93) exp_primary -> . ID
    (94) exp_primary -> . STRING
    (95) exp_primary -> . TRUE
    (96) exp_primary -> . FALSE
    (97) exp_primary -> . LPAREN exp RPAREN
    (98) exp_primary -> . LBRACE stmts exp RBRACE
    (99) exp_primary -> . LBRACE stmts RBRACE
    (100) call -> . ID LPAREN args RPAREN
    (101) call -> . ID LPAREN RPAREN

    ID              shift and go to state 33
    LOGNOT          shift and go to state 47
    MINUS           shift and go to state 45
    NUMBER          shift and go to state 50
    STRING          shift and go to state 51
    TRUE            shift and go to state 52
    FALSE           shift and go to state 53
    LPAREN          shift and go to state 54
    LBRACE          shift and go to state 22

    exp                            shift and go to state 161
    exp_assign                     shift and go to state 34
    exp_or                         shift and go to state 36
    exp_and                        shift and go to state 37
    exp_rel                        shift and go to state 38
    exp_bitor                      shift and go to state 39
    exp_bitxor                     shift and go to state 40
    exp_bitand                     shift and go to state 41
    exp_shift                      shift and go to state 42
    exp_add                        shift and go to state 43
    exp_mul                        shift and go to state 44
    exp_unary                      shift and go to state 46
    exp_primary                    shift and go to state 48
    call                           shift and go to state 49

state 113

    (52) typedecl -> COLON type .

    ATTRIB          reduce using rule 52 (typedecl -> COLON type .)


state 114

    (104) type -> ID .

    ATTRIB          reduce using rule 104 (type -> ID .)
    COMMA           reduce using rule 104 (type -> ID .)
    RBRACE          reduce using rule 104 (type -> ID .)
    LBRACE          reduce using rule 104 (type -> ID .)
    SCOLON          reduce using rule 104 (type -> ID .)
    RPAREN          reduce using rule 104 (type -> ID .)


state 115

    (50) decl -> LET MUT ID typedecl . ATTRIB exp SCOLON

    ATTRIB          shift and go to state 162


state 116

    (51) decl -> CONST ID COLON type . ATTRIB exp SCOLON

    ATTRIB          shift and go to state 163


state 117

    (11) signaturep -> LPAREN sigparams . RPAREN ARROW type
    (12) signaturep -> LPAREN sigparams . RPAREN

    RPAREN          shift and go to state 164


state 118

    (13) signaturenp -> LPAREN RPAREN . ARROW type
    (14) signaturenp -> LPAREN RPAREN .

    ARROW           shift and go to state 165
    LBRACE          reduce using rule 14 (signaturenp -> LPAREN RPAREN .)
    SCOLON          reduce using rule 14 (signaturenp -> LPAREN RPAREN .)


state 119

    (15) sigparams -> sigparam .
    (16) sigparams -> sigparam . COMMA sigparams

    RPAREN          reduce using rule 15 (sigparams -> sigparam .)
    COMMA           shift and go to state 166


state 120

    (17) sigparam -> ID . COLON type

    COLON           shift and go to state 167


state 121

    (98) exp_primary -> LBRACE stmts exp . RBRACE

    RBRACE          shift and go to state 168


state 122

    (99) exp_primary -> LBRACE stmts RBRACE .

    TIMES           reduce using rule 99 (exp_primary -> LBRACE stmts RBRACE .)
    DIVIDE          reduce using rule 99 (exp_primary -> LBRACE stmts RBRACE .)
    MODL            reduce using rule 99 (exp_primary -> LBRACE stmts RBRACE .)
    PLUS            reduce using rule 99 (exp_primary -> LBRACE stmts RBRACE .)
    MINUS           reduce using rule 99 (exp_primary -> LBRACE stmts RBRACE .)
    LSHIFT          reduce using rule 99 (exp_primary -> LBRACE stmts RBRACE .)
    RSHIFT          reduce using rule 99 (exp_primary -> LBRACE stmts RBRACE .)
    BITAND          reduce using rule 99 (exp_primary -> LBRACE stmts RBRACE .)
    BITXOR          reduce using rule 99 (exp_primary -> LBRACE stmts RBRACE .)
    EQUALS          reduce using rule 99 (exp_primary -> LBRACE stmts RBRACE .)
    NEQUALS         reduce using rule 99 (exp_primary -> LBRACE stmts RBRACE .)
    LESS            reduce using rule 99 (exp_primary -> LBRACE stmts RBRACE .)
    GRTR            reduce using rule 99 (exp_primary -> LBRACE stmts RBRACE .)
    LESSEQ          reduce using rule 99 (exp_primary -> LBRACE stmts RBRACE .)
    GRTREQ          reduce using rule 99 (exp_primary -> LBRACE stmts RBRACE .)
    BITOR           reduce using rule 99 (exp_primary -> LBRACE stmts RBRACE .)
    LOGAND          reduce using rule 99 (exp_primary -> LBRACE stmts RBRACE .)
    LOGOR           reduce using rule 99 (exp_primary -> LBRACE stmts RBRACE .)
    SCOLON          reduce using rule 99 (exp_primary -> LBRACE stmts RBRACE .)
    LBRACE          reduce using rule 99 (exp_primary -> LBRACE stmts RBRACE .)
    RPAREN          reduce using rule 99 (exp_primary -> LBRACE stmts RBRACE .)
    RBRACE          reduce using rule 99 (exp_primary -> LBRACE stmts RBRACE .)
    COMMA           reduce using rule 99 (exp_primary -> LBRACE stmts RBRACE .)


state 123

    (41) stmt -> LOOP LBRACE stmts . RBRACE

    RBRACE          shift and go to state 169


state 124

    (42) stmt -> WHILE exp LBRACE . stmts RBRACE
    (36) stmts -> . stmt
    (37) stmts -> . stmt stmts
    (38) stmt -> . decl
    (39) stmt -> . exp SCOLON
    (40) stmt -> . ifr
    (41) stmt -> . LOOP LBRACE stmts RBRACE
    (42) stmt -> . WHILE exp LBRACE stmts RBRACE
    (43) stmt -> . RETURN exp SCOLON
    (44) stmt -> . BREAK SCOLON
    (45) stmt -> . CONTINUE SCOLON
    (49) decl -> . LET ID typedecl ATTRIB exp SCOLON
    (50) decl -> . LET MUT ID typedecl ATTRIB exp SCOLON
    (51) decl -> . CONST ID COLON type ATTRIB exp SCOLON
    (54) exp -> . exp_assign
    (46) ifr -> . IF exp LBRACE stmts RBRACE
    (47) ifr -> . IF exp LBRACE stmts RBRACE ELSE LBRACE stmts RBRACE
    (48) ifr -> . IF exp LBRACE stmts RBRACE ELSE ifr
    (55) exp_assign -> . ID ATTRIB exp_assign
    (56) exp_assign -> . ID PLUSATTRIB exp_assign
    (57) exp_assign -> . ID MINUSATTRIB exp_assign
    (58) exp_assign -> . ID TIMESATTRIB exp_assign
    (59) exp_assign -> . ID DIVIDEATTRIB exp_assign
    (60) exp_assign -> . exp_or
    (61) exp_or -> . exp_or LOGOR exp_and
    (62) exp_or -> . exp_and
    (63) exp_and -> . exp_and LOGAND exp_rel
    (64) exp_and -> . exp_rel
    (65) exp_rel -> . exp_bitor EQUALS exp_bitor
    (66) exp_rel -> . exp_bitor NEQUALS exp_bitor
    (67) exp_rel -> . exp_bitor LESS exp_bitor
    (68) exp_rel -> . exp_bitor GRTR exp_bitor
    (69) exp_rel -> . exp_bitor LESSEQ exp_bitor
    (70) exp_rel -> . exp_bitor GRTREQ exp_bitor
    (71) exp_rel -> . exp_bitor
    (72) exp_bitor -> . exp_bitor BITOR exp_bitxor
    (73) exp_bitor -> . exp_bitxor
    (74) exp_bitxor -> . exp_bitxor BITXOR exp_bitand
    (75) exp_bitxor -> . exp_bitand
    (76) exp_bitand -> . exp_bitand BITAND exp_shift
    (77) exp_bitand -> . exp_shift
    (78) exp_shift -> . exp_shift LSHIFT exp_add
    (79) exp_shift -> . exp_shift RSHIFT exp_add
    (80) exp_shift -> . exp_add
    (81) exp_add -> . exp_add PLUS exp_mul
    (82) exp_add -> . exp_add MINUS exp_mul
    (83) exp_add -> . exp_mul
    (84) exp_mul -> . exp_mul TIMES exp_unary
    (85) exp_mul -> . exp_mul DIVIDE exp_unary
    (86) exp_mul -> . exp_mul MODL exp_unary
    (87) exp_mul -> . exp_unary
    (88) exp_unary -> . LOGNOT exp_unary
    (89) exp_unary -> . MINUS exp_unary
    (90) exp_unary -> . exp_primary
    (91) exp_primary -> . call
    (92) exp_primary -> . NUMBER
    (93) exp_primary -> . ID
    (94) exp_primary -> . STRING
    (95) exp_primary -> . TRUE
    (96) exp_primary -> . FALSE
    (97) exp_primary -> . LPAREN exp RPAREN
    (98) exp_primary -> . LBRACE stmts exp RBRACE
    (99) exp_primary -> . LBRACE stmts RBRACE
    (100) call -> . ID LPAREN args RPAREN
    (101) call -> . ID LPAREN RPAREN

    LOOP            shift and go to state 28
    WHILE           shift and go to state 29
    RETURN          shift and go to state 30
    BREAK           shift and go to state 31
    CONTINUE        shift and go to state 32
    LET             shift and go to state 10
    CONST           shift and go to state 11
    IF              shift and go to state 35
    ID              shift and go to state 33
    LOGNOT          shift and go to state 47
    MINUS           shift and go to state 45
    NUMBER          shift and go to state 50
    STRING          shift and go to state 51
    TRUE            shift and go to state 52
    FALSE           shift and go to state 53
    LPAREN          shift and go to state 54
    LBRACE          shift and go to state 22

    exp                            shift and go to state 26
    stmts                          shift and go to state 170
    stmt                           shift and go to state 24
    decl                           shift and go to state 25
    ifr                            shift and go to state 27
    exp_assign                     shift and go to state 34
    exp_or                         shift and go to state 36
    exp_and                        shift and go to state 37
    exp_rel                        shift and go to state 38
    exp_bitor                      shift and go to state 39
    exp_bitxor                     shift and go to state 40
    exp_bitand                     shift and go to state 41
    exp_shift                      shift and go to state 42
    exp_add                        shift and go to state 43
    exp_mul                        shift and go to state 44
    exp_unary                      shift and go to state 46
    exp_primary                    shift and go to state 48
    call                           shift and go to state 49

state 125

    (43) stmt -> RETURN exp SCOLON .

    LOOP            reduce using rule 43 (stmt -> RETURN exp SCOLON .)
    WHILE           reduce using rule 43 (stmt -> RETURN exp SCOLON .)
    RETURN          reduce using rule 43 (stmt -> RETURN exp SCOLON .)
    BREAK           reduce using rule 43 (stmt -> RETURN exp SCOLON .)
    CONTINUE        reduce using rule 43 (stmt -> RETURN exp SCOLON .)
    LET             reduce using rule 43 (stmt -> RETURN exp SCOLON .)
    CONST           reduce using rule 43 (stmt -> RETURN exp SCOLON .)
    IF              reduce using rule 43 (stmt -> RETURN exp SCOLON .)
    ID              reduce using rule 43 (stmt -> RETURN exp SCOLON .)
    LOGNOT          reduce using rule 43 (stmt -> RETURN exp SCOLON .)
    MINUS           reduce using rule 43 (stmt -> RETURN exp SCOLON .)
    NUMBER          reduce using rule 43 (stmt -> RETURN exp SCOLON .)
    STRING          reduce using rule 43 (stmt -> RETURN exp SCOLON .)
    TRUE            reduce using rule 43 (stmt -> RETURN exp SCOLON .)
    FALSE           reduce using rule 43 (stmt -> RETURN exp SCOLON .)
    LPAREN          reduce using rule 43 (stmt -> RETURN exp SCOLON .)
    LBRACE          reduce using rule 43 (stmt -> RETURN exp SCOLON .)
    RBRACE          reduce using rule 43 (stmt -> RETURN exp SCOLON .)


state 126

    (55) exp_assign -> ID ATTRIB exp_assign .

    SCOLON          reduce using rule 55 (exp_assign -> ID ATTRIB exp_assign .)
    LBRACE          reduce using rule 55 (exp_assign -> ID ATTRIB exp_assign .)
    RPAREN          reduce using rule 55 (exp_assign -> ID ATTRIB exp_assign .)
    RBRACE          reduce using rule 55 (exp_assign -> ID ATTRIB exp_assign .)
    COMMA           reduce using rule 55 (exp_assign -> ID ATTRIB exp_assign .)


state 127

    (56) exp_assign -> ID PLUSATTRIB exp_assign .

    SCOLON          reduce using rule 56 (exp_assign -> ID PLUSATTRIB exp_assign .)
    LBRACE          reduce using rule 56 (exp_assign -> ID PLUSATTRIB exp_assign .)
    RPAREN          reduce using rule 56 (exp_assign -> ID PLUSATTRIB exp_assign .)
    RBRACE          reduce using rule 56 (exp_assign -> ID PLUSATTRIB exp_assign .)
    COMMA           reduce using rule 56 (exp_assign -> ID PLUSATTRIB exp_assign .)


state 128

    (57) exp_assign -> ID MINUSATTRIB exp_assign .

    SCOLON          reduce using rule 57 (exp_assign -> ID MINUSATTRIB exp_assign .)
    LBRACE          reduce using rule 57 (exp_assign -> ID MINUSATTRIB exp_assign .)
    RPAREN          reduce using rule 57 (exp_assign -> ID MINUSATTRIB exp_assign .)
    RBRACE          reduce using rule 57 (exp_assign -> ID MINUSATTRIB exp_assign .)
    COMMA           reduce using rule 57 (exp_assign -> ID MINUSATTRIB exp_assign .)


state 129

    (58) exp_assign -> ID TIMESATTRIB exp_assign .

    SCOLON          reduce using rule 58 (exp_assign -> ID TIMESATTRIB exp_assign .)
    LBRACE          reduce using rule 58 (exp_assign -> ID TIMESATTRIB exp_assign .)
    RPAREN          reduce using rule 58 (exp_assign -> ID TIMESATTRIB exp_assign .)
    RBRACE          reduce using rule 58 (exp_assign -> ID TIMESATTRIB exp_assign .)
    COMMA           reduce using rule 58 (exp_assign -> ID TIMESATTRIB exp_assign .)


state 130

    (59) exp_assign -> ID DIVIDEATTRIB exp_assign .

    SCOLON          reduce using rule 59 (exp_assign -> ID DIVIDEATTRIB exp_assign .)
    LBRACE          reduce using rule 59 (exp_assign -> ID DIVIDEATTRIB exp_assign .)
    RPAREN          reduce using rule 59 (exp_assign -> ID DIVIDEATTRIB exp_assign .)
    RBRACE          reduce using rule 59 (exp_assign -> ID DIVIDEATTRIB exp_assign .)
    COMMA           reduce using rule 59 (exp_assign -> ID DIVIDEATTRIB exp_assign .)


state 131

    (100) call -> ID LPAREN args . RPAREN

    RPAREN          shift and go to state 171


state 132

    (101) call -> ID LPAREN RPAREN .

    TIMES           reduce using rule 101 (call -> ID LPAREN RPAREN .)
    DIVIDE          reduce using rule 101 (call -> ID LPAREN RPAREN .)
    MODL            reduce using rule 101 (call -> ID LPAREN RPAREN .)
    PLUS            reduce using rule 101 (call -> ID LPAREN RPAREN .)
    MINUS           reduce using rule 101 (call -> ID LPAREN RPAREN .)
    LSHIFT          reduce using rule 101 (call -> ID LPAREN RPAREN .)
    RSHIFT          reduce using rule 101 (call -> ID LPAREN RPAREN .)
    BITAND          reduce using rule 101 (call -> ID LPAREN RPAREN .)
    BITXOR          reduce using rule 101 (call -> ID LPAREN RPAREN .)
    EQUALS          reduce using rule 101 (call -> ID LPAREN RPAREN .)
    NEQUALS         reduce using rule 101 (call -> ID LPAREN RPAREN .)
    LESS            reduce using rule 101 (call -> ID LPAREN RPAREN .)
    GRTR            reduce using rule 101 (call -> ID LPAREN RPAREN .)
    LESSEQ          reduce using rule 101 (call -> ID LPAREN RPAREN .)
    GRTREQ          reduce using rule 101 (call -> ID LPAREN RPAREN .)
    BITOR           reduce using rule 101 (call -> ID LPAREN RPAREN .)
    LOGAND          reduce using rule 101 (call -> ID LPAREN RPAREN .)
    LOGOR           reduce using rule 101 (call -> ID LPAREN RPAREN .)
    SCOLON          reduce using rule 101 (call -> ID LPAREN RPAREN .)
    LBRACE          reduce using rule 101 (call -> ID LPAREN RPAREN .)
    RPAREN          reduce using rule 101 (call -> ID LPAREN RPAREN .)
    RBRACE          reduce using rule 101 (call -> ID LPAREN RPAREN .)
    COMMA           reduce using rule 101 (call -> ID LPAREN RPAREN .)


state 133

    (102) args -> exp .
    (103) args -> exp . COMMA args

    RPAREN          reduce using rule 102 (args -> exp .)
    COMMA           shift and go to state 172


state 134

    (46) ifr -> IF exp LBRACE . stmts RBRACE
    (47) ifr -> IF exp LBRACE . stmts RBRACE ELSE LBRACE stmts RBRACE
    (48) ifr -> IF exp LBRACE . stmts RBRACE ELSE ifr
    (36) stmts -> . stmt
    (37) stmts -> . stmt stmts
    (38) stmt -> . decl
    (39) stmt -> . exp SCOLON
    (40) stmt -> . ifr
    (41) stmt -> . LOOP LBRACE stmts RBRACE
    (42) stmt -> . WHILE exp LBRACE stmts RBRACE
    (43) stmt -> . RETURN exp SCOLON
    (44) stmt -> . BREAK SCOLON
    (45) stmt -> . CONTINUE SCOLON
    (49) decl -> . LET ID typedecl ATTRIB exp SCOLON
    (50) decl -> . LET MUT ID typedecl ATTRIB exp SCOLON
    (51) decl -> . CONST ID COLON type ATTRIB exp SCOLON
    (54) exp -> . exp_assign
    (46) ifr -> . IF exp LBRACE stmts RBRACE
    (47) ifr -> . IF exp LBRACE stmts RBRACE ELSE LBRACE stmts RBRACE
    (48) ifr -> . IF exp LBRACE stmts RBRACE ELSE ifr
    (55) exp_assign -> . ID ATTRIB exp_assign
    (56) exp_assign -> . ID PLUSATTRIB exp_assign
    (57) exp_assign -> . ID MINUSATTRIB exp_assign
    (58) exp_assign -> . ID TIMESATTRIB exp_assign
    (59) exp_assign -> . ID DIVIDEATTRIB exp_assign
    (60) exp_assign -> . exp_or
    (61) exp_or -> . exp_or LOGOR exp_and
    (62) exp_or -> . exp_and
    (63) exp_and -> . exp_and LOGAND exp_rel
    (64) exp_and -> . exp_rel
    (65) exp_rel -> . exp_bitor EQUALS exp_bitor
    (66) exp_rel -> . exp_bitor NEQUALS exp_bitor
    (67) exp_rel -> . exp_bitor LESS exp_bitor
    (68) exp_rel -> . exp_bitor GRTR exp_bitor
    (69) exp_rel -> . exp_bitor LESSEQ exp_bitor
    (70) exp_rel -> . exp_bitor GRTREQ exp_bitor
    (71) exp_rel -> . exp_bitor
    (72) exp_bitor -> . exp_bitor BITOR exp_bitxor
    (73) exp_bitor -> . exp_bitxor
    (74) exp_bitxor -> . exp_bitxor BITXOR exp_bitand
    (75) exp_bitxor -> . exp_bitand
    (76) exp_bitand -> . exp_bitand BITAND exp_shift
    (77) exp_bitand -> . exp_shift
    (78) exp_shift -> . exp_shift LSHIFT exp_add
    (79) exp_shift -> . exp_shift RSHIFT exp_add
    (80) exp_shift -> . exp_add
    (81) exp_add -> . exp_add PLUS exp_mul
    (82) exp_add -> . exp_add MINUS exp_mul
    (83) exp_add -> . exp_mul
    (84) exp_mul -> . exp_mul TIMES exp_unary
    (85) exp_mul -> . exp_mul DIVIDE exp_unary
    (86) exp_mul -> . exp_mul MODL exp_unary
    (87) exp_mul -> . exp_unary
    (88) exp_unary -> . LOGNOT exp_unary
    (89) exp_unary -> . MINUS exp_unary
    (90) exp_unary -> . exp_primary
    (91) exp_primary -> . call
    (92) exp_primary -> . NUMBER
    (93) exp_primary -> . ID
    (94) exp_primary -> . STRING
    (95) exp_primary -> . TRUE
    (96) exp_primary -> . FALSE
    (97) exp_primary -> . LPAREN exp RPAREN
    (98) exp_primary -> . LBRACE stmts exp RBRACE
    (99) exp_primary -> . LBRACE stmts RBRACE
    (100) call -> . ID LPAREN args RPAREN
    (101) call -> . ID LPAREN RPAREN

    LOOP            shift and go to state 28
    WHILE           shift and go to state 29
    RETURN          shift and go to state 30
    BREAK           shift and go to state 31
    CONTINUE        shift and go to state 32
    LET             shift and go to state 10
    CONST           shift and go to state 11
    IF              shift and go to state 35
    ID              shift and go to state 33
    LOGNOT          shift and go to state 47
    MINUS           shift and go to state 45
    NUMBER          shift and go to state 50
    STRING          shift and go to state 51
    TRUE            shift and go to state 52
    FALSE           shift and go to state 53
    LPAREN          shift and go to state 54
    LBRACE          shift and go to state 22

    exp                            shift and go to state 26
    stmts                          shift and go to state 173
    ifr                            shift and go to state 27
    stmt                           shift and go to state 24
    decl                           shift and go to state 25
    exp_assign                     shift and go to state 34
    exp_or                         shift and go to state 36
    exp_and                        shift and go to state 37
    exp_rel                        shift and go to state 38
    exp_bitor                      shift and go to state 39
    exp_bitxor                     shift and go to state 40
    exp_bitand                     shift and go to state 41
    exp_shift                      shift and go to state 42
    exp_add                        shift and go to state 43
    exp_mul                        shift and go to state 44
    exp_unary                      shift and go to state 46
    exp_primary                    shift and go to state 48
    call                           shift and go to state 49

state 135

    (61) exp_or -> exp_or LOGOR exp_and .
    (63) exp_and -> exp_and . LOGAND exp_rel

    LOGOR           reduce using rule 61 (exp_or -> exp_or LOGOR exp_and .)
    SCOLON          reduce using rule 61 (exp_or -> exp_or LOGOR exp_and .)
    LBRACE          reduce using rule 61 (exp_or -> exp_or LOGOR exp_and .)
    RPAREN          reduce using rule 61 (exp_or -> exp_or LOGOR exp_and .)
    RBRACE          reduce using rule 61 (exp_or -> exp_or LOGOR exp_and .)
    COMMA           reduce using rule 61 (exp_or -> exp_or LOGOR exp_and .)
    LOGAND          shift and go to state 82


state 136

    (63) exp_and -> exp_and LOGAND exp_rel .

    LOGAND          reduce using rule 63 (exp_and -> exp_and LOGAND exp_rel .)
    LOGOR           reduce using rule 63 (exp_and -> exp_and LOGAND exp_rel .)
    SCOLON          reduce using rule 63 (exp_and -> exp_and LOGAND exp_rel .)
    LBRACE          reduce using rule 63 (exp_and -> exp_and LOGAND exp_rel .)
    RPAREN          reduce using rule 63 (exp_and -> exp_and LOGAND exp_rel .)
    RBRACE          reduce using rule 63 (exp_and -> exp_and LOGAND exp_rel .)
    COMMA           reduce using rule 63 (exp_and -> exp_and LOGAND exp_rel .)


state 137

    (65) exp_rel -> exp_bitor EQUALS exp_bitor .
    (72) exp_bitor -> exp_bitor . BITOR exp_bitxor

    LOGAND          reduce using rule 65 (exp_rel -> exp_bitor EQUALS exp_bitor .)
    LOGOR           reduce using rule 65 (exp_rel -> exp_bitor EQUALS exp_bitor .)
    SCOLON          reduce using rule 65 (exp_rel -> exp_bitor EQUALS exp_bitor .)
    LBRACE          reduce using rule 65 (exp_rel -> exp_bitor EQUALS exp_bitor .)
    RPAREN          reduce using rule 65 (exp_rel -> exp_bitor EQUALS exp_bitor .)
    RBRACE          reduce using rule 65 (exp_rel -> exp_bitor EQUALS exp_bitor .)
    COMMA           reduce using rule 65 (exp_rel -> exp_bitor EQUALS exp_bitor .)
    BITOR           shift and go to state 89


state 138

    (66) exp_rel -> exp_bitor NEQUALS exp_bitor .
    (72) exp_bitor -> exp_bitor . BITOR exp_bitxor

    LOGAND          reduce using rule 66 (exp_rel -> exp_bitor NEQUALS exp_bitor .)
    LOGOR           reduce using rule 66 (exp_rel -> exp_bitor NEQUALS exp_bitor .)
    SCOLON          reduce using rule 66 (exp_rel -> exp_bitor NEQUALS exp_bitor .)
    LBRACE          reduce using rule 66 (exp_rel -> exp_bitor NEQUALS exp_bitor .)
    RPAREN          reduce using rule 66 (exp_rel -> exp_bitor NEQUALS exp_bitor .)
    RBRACE          reduce using rule 66 (exp_rel -> exp_bitor NEQUALS exp_bitor .)
    COMMA           reduce using rule 66 (exp_rel -> exp_bitor NEQUALS exp_bitor .)
    BITOR           shift and go to state 89


state 139

    (67) exp_rel -> exp_bitor LESS exp_bitor .
    (72) exp_bitor -> exp_bitor . BITOR exp_bitxor

    LOGAND          reduce using rule 67 (exp_rel -> exp_bitor LESS exp_bitor .)
    LOGOR           reduce using rule 67 (exp_rel -> exp_bitor LESS exp_bitor .)
    SCOLON          reduce using rule 67 (exp_rel -> exp_bitor LESS exp_bitor .)
    LBRACE          reduce using rule 67 (exp_rel -> exp_bitor LESS exp_bitor .)
    RPAREN          reduce using rule 67 (exp_rel -> exp_bitor LESS exp_bitor .)
    RBRACE          reduce using rule 67 (exp_rel -> exp_bitor LESS exp_bitor .)
    COMMA           reduce using rule 67 (exp_rel -> exp_bitor LESS exp_bitor .)
    BITOR           shift and go to state 89


state 140

    (68) exp_rel -> exp_bitor GRTR exp_bitor .
    (72) exp_bitor -> exp_bitor . BITOR exp_bitxor

    LOGAND          reduce using rule 68 (exp_rel -> exp_bitor GRTR exp_bitor .)
    LOGOR           reduce using rule 68 (exp_rel -> exp_bitor GRTR exp_bitor .)
    SCOLON          reduce using rule 68 (exp_rel -> exp_bitor GRTR exp_bitor .)
    LBRACE          reduce using rule 68 (exp_rel -> exp_bitor GRTR exp_bitor .)
    RPAREN          reduce using rule 68 (exp_rel -> exp_bitor GRTR exp_bitor .)
    RBRACE          reduce using rule 68 (exp_rel -> exp_bitor GRTR exp_bitor .)
    COMMA           reduce using rule 68 (exp_rel -> exp_bitor GRTR exp_bitor .)
    BITOR           shift and go to state 89


state 141

    (69) exp_rel -> exp_bitor LESSEQ exp_bitor .
    (72) exp_bitor -> exp_bitor . BITOR exp_bitxor

    LOGAND          reduce using rule 69 (exp_rel -> exp_bitor LESSEQ exp_bitor .)
    LOGOR           reduce using rule 69 (exp_rel -> exp_bitor LESSEQ exp_bitor .)
    SCOLON          reduce using rule 69 (exp_rel -> exp_bitor LESSEQ exp_bitor .)
    LBRACE          reduce using rule 69 (exp_rel -> exp_bitor LESSEQ exp_bitor .)
    RPAREN          reduce using rule 69 (exp_rel -> exp_bitor LESSEQ exp_bitor .)
    RBRACE          reduce using rule 69 (exp_rel -> exp_bitor LESSEQ exp_bitor .)
    COMMA           reduce using rule 69 (exp_rel -> exp_bitor LESSEQ exp_bitor .)
    BITOR           shift and go to state 89


state 142

    (70) exp_rel -> exp_bitor GRTREQ exp_bitor .
    (72) exp_bitor -> exp_bitor . BITOR exp_bitxor

    LOGAND          reduce using rule 70 (exp_rel -> exp_bitor GRTREQ exp_bitor .)
    LOGOR           reduce using rule 70 (exp_rel -> exp_bitor GRTREQ exp_bitor .)
    SCOLON          reduce using rule 70 (exp_rel -> exp_bitor GRTREQ exp_bitor .)
    LBRACE          reduce using rule 70 (exp_rel -> exp_bitor GRTREQ exp_bitor .)
    RPAREN          reduce using rule 70 (exp_rel -> exp_bitor GRTREQ exp_bitor .)
    RBRACE          reduce using rule 70 (exp_rel -> exp_bitor GRTREQ exp_bitor .)
    COMMA           reduce using rule 70 (exp_rel -> exp_bitor GRTREQ exp_bitor .)
    BITOR           shift and go to state 89


state 143

    (72) exp_bitor -> exp_bitor BITOR exp_bitxor .
    (74) exp_bitxor -> exp_bitxor . BITXOR exp_bitand

    EQUALS          reduce using rule 72 (exp_bitor -> exp_bitor BITOR exp_bitxor .)
    NEQUALS         reduce using rule 72 (exp_bitor -> exp_bitor BITOR exp_bitxor .)
    LESS            reduce using rule 72 (exp_bitor -> exp_bitor BITOR exp_bitxor .)
    GRTR            reduce using rule 72 (exp_bitor -> exp_bitor BITOR exp_bitxor .)
    LESSEQ          reduce using rule 72 (exp_bitor -> exp_bitor BITOR exp_bitxor .)
    GRTREQ          reduce using rule 72 (exp_bitor -> exp_bitor BITOR exp_bitxor .)
    BITOR           reduce using rule 72 (exp_bitor -> exp_bitor BITOR exp_bitxor .)
    LOGAND          reduce using rule 72 (exp_bitor -> exp_bitor BITOR exp_bitxor .)
    LOGOR           reduce using rule 72 (exp_bitor -> exp_bitor BITOR exp_bitxor .)
    SCOLON          reduce using rule 72 (exp_bitor -> exp_bitor BITOR exp_bitxor .)
    LBRACE          reduce using rule 72 (exp_bitor -> exp_bitor BITOR exp_bitxor .)
    RPAREN          reduce using rule 72 (exp_bitor -> exp_bitor BITOR exp_bitxor .)
    RBRACE          reduce using rule 72 (exp_bitor -> exp_bitor BITOR exp_bitxor .)
    COMMA           reduce using rule 72 (exp_bitor -> exp_bitor BITOR exp_bitxor .)
    BITXOR          shift and go to state 90


state 144

    (74) exp_bitxor -> exp_bitxor BITXOR exp_bitand .
    (76) exp_bitand -> exp_bitand . BITAND exp_shift

    BITXOR          reduce using rule 74 (exp_bitxor -> exp_bitxor BITXOR exp_bitand .)
    EQUALS          reduce using rule 74 (exp_bitxor -> exp_bitxor BITXOR exp_bitand .)
    NEQUALS         reduce using rule 74 (exp_bitxor -> exp_bitxor BITXOR exp_bitand .)
    LESS            reduce using rule 74 (exp_bitxor -> exp_bitxor BITXOR exp_bitand .)
    GRTR            reduce using rule 74 (exp_bitxor -> exp_bitxor BITXOR exp_bitand .)
    LESSEQ          reduce using rule 74 (exp_bitxor -> exp_bitxor BITXOR exp_bitand .)
    GRTREQ          reduce using rule 74 (exp_bitxor -> exp_bitxor BITXOR exp_bitand .)
    BITOR           reduce using rule 74 (exp_bitxor -> exp_bitxor BITXOR exp_bitand .)
    LOGAND          reduce using rule 74 (exp_bitxor -> exp_bitxor BITXOR exp_bitand .)
    LOGOR           reduce using rule 74 (exp_bitxor -> exp_bitxor BITXOR exp_bitand .)
    SCOLON          reduce using rule 74 (exp_bitxor -> exp_bitxor BITXOR exp_bitand .)
    LBRACE          reduce using rule 74 (exp_bitxor -> exp_bitxor BITXOR exp_bitand .)
    RPAREN          reduce using rule 74 (exp_bitxor -> exp_bitxor BITXOR exp_bitand .)
    RBRACE          reduce using rule 74 (exp_bitxor -> exp_bitxor BITXOR exp_bitand .)
    COMMA           reduce using rule 74 (exp_bitxor -> exp_bitxor BITXOR exp_bitand .)
    BITAND          shift and go to state 91


state 145

    (76) exp_bitand -> exp_bitand BITAND exp_shift .
    (78) exp_shift -> exp_shift . LSHIFT exp_add
    (79) exp_shift -> exp_shift . RSHIFT exp_add

    BITAND          reduce using rule 76 (exp_bitand -> exp_bitand BITAND exp_shift .)
    BITXOR          reduce using rule 76 (exp_bitand -> exp_bitand BITAND exp_shift .)
    EQUALS          reduce using rule 76 (exp_bitand -> exp_bitand BITAND exp_shift .)
    NEQUALS         reduce using rule 76 (exp_bitand -> exp_bitand BITAND exp_shift .)
    LESS            reduce using rule 76 (exp_bitand -> exp_bitand BITAND exp_shift .)
    GRTR            reduce using rule 76 (exp_bitand -> exp_bitand BITAND exp_shift .)
    LESSEQ          reduce using rule 76 (exp_bitand -> exp_bitand BITAND exp_shift .)
    GRTREQ          reduce using rule 76 (exp_bitand -> exp_bitand BITAND exp_shift .)
    BITOR           reduce using rule 76 (exp_bitand -> exp_bitand BITAND exp_shift .)
    LOGAND          reduce using rule 76 (exp_bitand -> exp_bitand BITAND exp_shift .)
    LOGOR           reduce using rule 76 (exp_bitand -> exp_bitand BITAND exp_shift .)
    SCOLON          reduce using rule 76 (exp_bitand -> exp_bitand BITAND exp_shift .)
    LBRACE          reduce using rule 76 (exp_bitand -> exp_bitand BITAND exp_shift .)
    RPAREN          reduce using rule 76 (exp_bitand -> exp_bitand BITAND exp_shift .)
    RBRACE          reduce using rule 76 (exp_bitand -> exp_bitand BITAND exp_shift .)
    COMMA           reduce using rule 76 (exp_bitand -> exp_bitand BITAND exp_shift .)
    LSHIFT          shift and go to state 92
    RSHIFT          shift and go to state 93


state 146

    (78) exp_shift -> exp_shift LSHIFT exp_add .
    (81) exp_add -> exp_add . PLUS exp_mul
    (82) exp_add -> exp_add . MINUS exp_mul

    LSHIFT          reduce using rule 78 (exp_shift -> exp_shift LSHIFT exp_add .)
    RSHIFT          reduce using rule 78 (exp_shift -> exp_shift LSHIFT exp_add .)
    BITAND          reduce using rule 78 (exp_shift -> exp_shift LSHIFT exp_add .)
    BITXOR          reduce using rule 78 (exp_shift -> exp_shift LSHIFT exp_add .)
    EQUALS          reduce using rule 78 (exp_shift -> exp_shift LSHIFT exp_add .)
    NEQUALS         reduce using rule 78 (exp_shift -> exp_shift LSHIFT exp_add .)
    LESS            reduce using rule 78 (exp_shift -> exp_shift LSHIFT exp_add .)
    GRTR            reduce using rule 78 (exp_shift -> exp_shift LSHIFT exp_add .)
    LESSEQ          reduce using rule 78 (exp_shift -> exp_shift LSHIFT exp_add .)
    GRTREQ          reduce using rule 78 (exp_shift -> exp_shift LSHIFT exp_add .)
    BITOR           reduce using rule 78 (exp_shift -> exp_shift LSHIFT exp_add .)
    LOGAND          reduce using rule 78 (exp_shift -> exp_shift LSHIFT exp_add .)
    LOGOR           reduce using rule 78 (exp_shift -> exp_shift LSHIFT exp_add .)
    SCOLON          reduce using rule 78 (exp_shift -> exp_shift LSHIFT exp_add .)
    LBRACE          reduce using rule 78 (exp_shift -> exp_shift LSHIFT exp_add .)
    RPAREN          reduce using rule 78 (exp_shift -> exp_shift LSHIFT exp_add .)
    RBRACE          reduce using rule 78 (exp_shift -> exp_shift LSHIFT exp_add .)
    COMMA           reduce using rule 78 (exp_shift -> exp_shift LSHIFT exp_add .)
    PLUS            shift and go to state 94
    MINUS           shift and go to state 95


state 147

    (79) exp_shift -> exp_shift RSHIFT exp_add .
    (81) exp_add -> exp_add . PLUS exp_mul
    (82) exp_add -> exp_add . MINUS exp_mul

    LSHIFT          reduce using rule 79 (exp_shift -> exp_shift RSHIFT exp_add .)
    RSHIFT          reduce using rule 79 (exp_shift -> exp_shift RSHIFT exp_add .)
    BITAND          reduce using rule 79 (exp_shift -> exp_shift RSHIFT exp_add .)
    BITXOR          reduce using rule 79 (exp_shift -> exp_shift RSHIFT exp_add .)
    EQUALS          reduce using rule 79 (exp_shift -> exp_shift RSHIFT exp_add .)
    NEQUALS         reduce using rule 79 (exp_shift -> exp_shift RSHIFT exp_add .)
    LESS            reduce using rule 79 (exp_shift -> exp_shift RSHIFT exp_add .)
    GRTR            reduce using rule 79 (exp_shift -> exp_shift RSHIFT exp_add .)
    LESSEQ          reduce using rule 79 (exp_shift -> exp_shift RSHIFT exp_add .)
    GRTREQ          reduce using rule 79 (exp_shift -> exp_shift RSHIFT exp_add .)
    BITOR           reduce using rule 79 (exp_shift -> exp_shift RSHIFT exp_add .)
    LOGAND          reduce using rule 79 (exp_shift -> exp_shift RSHIFT exp_add .)
    LOGOR           reduce using rule 79 (exp_shift -> exp_shift RSHIFT exp_add .)
    SCOLON          reduce using rule 79 (exp_shift -> exp_shift RSHIFT exp_add .)
    LBRACE          reduce using rule 79 (exp_shift -> exp_shift RSHIFT exp_add .)
    RPAREN          reduce using rule 79 (exp_shift -> exp_shift RSHIFT exp_add .)
    RBRACE          reduce using rule 79 (exp_shift -> exp_shift RSHIFT exp_add .)
    COMMA           reduce using rule 79 (exp_shift -> exp_shift RSHIFT exp_add .)
    PLUS            shift and go to state 94
    MINUS           shift and go to state 95


state 148

    (81) exp_add -> exp_add PLUS exp_mul .
    (84) exp_mul -> exp_mul . TIMES exp_unary
    (85) exp_mul -> exp_mul . DIVIDE exp_unary
    (86) exp_mul -> exp_mul . MODL exp_unary

    PLUS            reduce using rule 81 (exp_add -> exp_add PLUS exp_mul .)
    MINUS           reduce using rule 81 (exp_add -> exp_add PLUS exp_mul .)
    LSHIFT          reduce using rule 81 (exp_add -> exp_add PLUS exp_mul .)
    RSHIFT          reduce using rule 81 (exp_add -> exp_add PLUS exp_mul .)
    BITAND          reduce using rule 81 (exp_add -> exp_add PLUS exp_mul .)
    BITXOR          reduce using rule 81 (exp_add -> exp_add PLUS exp_mul .)
    EQUALS          reduce using rule 81 (exp_add -> exp_add PLUS exp_mul .)
    NEQUALS         reduce using rule 81 (exp_add -> exp_add PLUS exp_mul .)
    LESS            reduce using rule 81 (exp_add -> exp_add PLUS exp_mul .)
    GRTR            reduce using rule 81 (exp_add -> exp_add PLUS exp_mul .)
    LESSEQ          reduce using rule 81 (exp_add -> exp_add PLUS exp_mul .)
    GRTREQ          reduce using rule 81 (exp_add -> exp_add PLUS exp_mul .)
    BITOR           reduce using rule 81 (exp_add -> exp_add PLUS exp_mul .)
    LOGAND          reduce using rule 81 (exp_add -> exp_add PLUS exp_mul .)
    LOGOR           reduce using rule 81 (exp_add -> exp_add PLUS exp_mul .)
    SCOLON          reduce using rule 81 (exp_add -> exp_add PLUS exp_mul .)
    LBRACE          reduce using rule 81 (exp_add -> exp_add PLUS exp_mul .)
    RPAREN          reduce using rule 81 (exp_add -> exp_add PLUS exp_mul .)
    RBRACE          reduce using rule 81 (exp_add -> exp_add PLUS exp_mul .)
    COMMA           reduce using rule 81 (exp_add -> exp_add PLUS exp_mul .)
    TIMES           shift and go to state 96
    DIVIDE          shift and go to state 97
    MODL            shift and go to state 98


state 149

    (82) exp_add -> exp_add MINUS exp_mul .
    (84) exp_mul -> exp_mul . TIMES exp_unary
    (85) exp_mul -> exp_mul . DIVIDE exp_unary
    (86) exp_mul -> exp_mul . MODL exp_unary

    PLUS            reduce using rule 82 (exp_add -> exp_add MINUS exp_mul .)
    MINUS           reduce using rule 82 (exp_add -> exp_add MINUS exp_mul .)
    LSHIFT          reduce using rule 82 (exp_add -> exp_add MINUS exp_mul .)
    RSHIFT          reduce using rule 82 (exp_add -> exp_add MINUS exp_mul .)
    BITAND          reduce using rule 82 (exp_add -> exp_add MINUS exp_mul .)
    BITXOR          reduce using rule 82 (exp_add -> exp_add MINUS exp_mul .)
    EQUALS          reduce using rule 82 (exp_add -> exp_add MINUS exp_mul .)
    NEQUALS         reduce using rule 82 (exp_add -> exp_add MINUS exp_mul .)
    LESS            reduce using rule 82 (exp_add -> exp_add MINUS exp_mul .)
    GRTR            reduce using rule 82 (exp_add -> exp_add MINUS exp_mul .)
    LESSEQ          reduce using rule 82 (exp_add -> exp_add MINUS exp_mul .)
    GRTREQ          reduce using rule 82 (exp_add -> exp_add MINUS exp_mul .)
    BITOR           reduce using rule 82 (exp_add -> exp_add MINUS exp_mul .)
    LOGAND          reduce using rule 82 (exp_add -> exp_add MINUS exp_mul .)
    LOGOR           reduce using rule 82 (exp_add -> exp_add MINUS exp_mul .)
    SCOLON          reduce using rule 82 (exp_add -> exp_add MINUS exp_mul .)
    LBRACE          reduce using rule 82 (exp_add -> exp_add MINUS exp_mul .)
    RPAREN          reduce using rule 82 (exp_add -> exp_add MINUS exp_mul .)
    RBRACE          reduce using rule 82 (exp_add -> exp_add MINUS exp_mul .)
    COMMA           reduce using rule 82 (exp_add -> exp_add MINUS exp_mul .)
    TIMES           shift and go to state 96
    DIVIDE          shift and go to state 97
    MODL            shift and go to state 98


state 150

    (84) exp_mul -> exp_mul TIMES exp_unary .

    TIMES           reduce using rule 84 (exp_mul -> exp_mul TIMES exp_unary .)
    DIVIDE          reduce using rule 84 (exp_mul -> exp_mul TIMES exp_unary .)
    MODL            reduce using rule 84 (exp_mul -> exp_mul TIMES exp_unary .)
    PLUS            reduce using rule 84 (exp_mul -> exp_mul TIMES exp_unary .)
    MINUS           reduce using rule 84 (exp_mul -> exp_mul TIMES exp_unary .)
    LSHIFT          reduce using rule 84 (exp_mul -> exp_mul TIMES exp_unary .)
    RSHIFT          reduce using rule 84 (exp_mul -> exp_mul TIMES exp_unary .)
    BITAND          reduce using rule 84 (exp_mul -> exp_mul TIMES exp_unary .)
    BITXOR          reduce using rule 84 (exp_mul -> exp_mul TIMES exp_unary .)
    EQUALS          reduce using rule 84 (exp_mul -> exp_mul TIMES exp_unary .)
    NEQUALS         reduce using rule 84 (exp_mul -> exp_mul TIMES exp_unary .)
    LESS            reduce using rule 84 (exp_mul -> exp_mul TIMES exp_unary .)
    GRTR            reduce using rule 84 (exp_mul -> exp_mul TIMES exp_unary .)
    LESSEQ          reduce using rule 84 (exp_mul -> exp_mul TIMES exp_unary .)
    GRTREQ          reduce using rule 84 (exp_mul -> exp_mul TIMES exp_unary .)
    BITOR           reduce using rule 84 (exp_mul -> exp_mul TIMES exp_unary .)
    LOGAND          reduce using rule 84 (exp_mul -> exp_mul TIMES exp_unary .)
    LOGOR           reduce using rule 84 (exp_mul -> exp_mul TIMES exp_unary .)
    SCOLON          reduce using rule 84 (exp_mul -> exp_mul TIMES exp_unary .)
    LBRACE          reduce using rule 84 (exp_mul -> exp_mul TIMES exp_unary .)
    RPAREN          reduce using rule 84 (exp_mul -> exp_mul TIMES exp_unary .)
    RBRACE          reduce using rule 84 (exp_mul -> exp_mul TIMES exp_unary .)
    COMMA           reduce using rule 84 (exp_mul -> exp_mul TIMES exp_unary .)


state 151

    (85) exp_mul -> exp_mul DIVIDE exp_unary .

    TIMES           reduce using rule 85 (exp_mul -> exp_mul DIVIDE exp_unary .)
    DIVIDE          reduce using rule 85 (exp_mul -> exp_mul DIVIDE exp_unary .)
    MODL            reduce using rule 85 (exp_mul -> exp_mul DIVIDE exp_unary .)
    PLUS            reduce using rule 85 (exp_mul -> exp_mul DIVIDE exp_unary .)
    MINUS           reduce using rule 85 (exp_mul -> exp_mul DIVIDE exp_unary .)
    LSHIFT          reduce using rule 85 (exp_mul -> exp_mul DIVIDE exp_unary .)
    RSHIFT          reduce using rule 85 (exp_mul -> exp_mul DIVIDE exp_unary .)
    BITAND          reduce using rule 85 (exp_mul -> exp_mul DIVIDE exp_unary .)
    BITXOR          reduce using rule 85 (exp_mul -> exp_mul DIVIDE exp_unary .)
    EQUALS          reduce using rule 85 (exp_mul -> exp_mul DIVIDE exp_unary .)
    NEQUALS         reduce using rule 85 (exp_mul -> exp_mul DIVIDE exp_unary .)
    LESS            reduce using rule 85 (exp_mul -> exp_mul DIVIDE exp_unary .)
    GRTR            reduce using rule 85 (exp_mul -> exp_mul DIVIDE exp_unary .)
    LESSEQ          reduce using rule 85 (exp_mul -> exp_mul DIVIDE exp_unary .)
    GRTREQ          reduce using rule 85 (exp_mul -> exp_mul DIVIDE exp_unary .)
    BITOR           reduce using rule 85 (exp_mul -> exp_mul DIVIDE exp_unary .)
    LOGAND          reduce using rule 85 (exp_mul -> exp_mul DIVIDE exp_unary .)
    LOGOR           reduce using rule 85 (exp_mul -> exp_mul DIVIDE exp_unary .)
    SCOLON          reduce using rule 85 (exp_mul -> exp_mul DIVIDE exp_unary .)
    LBRACE          reduce using rule 85 (exp_mul -> exp_mul DIVIDE exp_unary .)
    RPAREN          reduce using rule 85 (exp_mul -> exp_mul DIVIDE exp_unary .)
    RBRACE          reduce using rule 85 (exp_mul -> exp_mul DIVIDE exp_unary .)
    COMMA           reduce using rule 85 (exp_mul -> exp_mul DIVIDE exp_unary .)


state 152

    (86) exp_mul -> exp_mul MODL exp_unary .

    TIMES           reduce using rule 86 (exp_mul -> exp_mul MODL exp_unary .)
    DIVIDE          reduce using rule 86 (exp_mul -> exp_mul MODL exp_unary .)
    MODL            reduce using rule 86 (exp_mul -> exp_mul MODL exp_unary .)
    PLUS            reduce using rule 86 (exp_mul -> exp_mul MODL exp_unary .)
    MINUS           reduce using rule 86 (exp_mul -> exp_mul MODL exp_unary .)
    LSHIFT          reduce using rule 86 (exp_mul -> exp_mul MODL exp_unary .)
    RSHIFT          reduce using rule 86 (exp_mul -> exp_mul MODL exp_unary .)
    BITAND          reduce using rule 86 (exp_mul -> exp_mul MODL exp_unary .)
    BITXOR          reduce using rule 86 (exp_mul -> exp_mul MODL exp_unary .)
    EQUALS          reduce using rule 86 (exp_mul -> exp_mul MODL exp_unary .)
    NEQUALS         reduce using rule 86 (exp_mul -> exp_mul MODL exp_unary .)
    LESS            reduce using rule 86 (exp_mul -> exp_mul MODL exp_unary .)
    GRTR            reduce using rule 86 (exp_mul -> exp_mul MODL exp_unary .)
    LESSEQ          reduce using rule 86 (exp_mul -> exp_mul MODL exp_unary .)
    GRTREQ          reduce using rule 86 (exp_mul -> exp_mul MODL exp_unary .)
    BITOR           reduce using rule 86 (exp_mul -> exp_mul MODL exp_unary .)
    LOGAND          reduce using rule 86 (exp_mul -> exp_mul MODL exp_unary .)
    LOGOR           reduce using rule 86 (exp_mul -> exp_mul MODL exp_unary .)
    SCOLON          reduce using rule 86 (exp_mul -> exp_mul MODL exp_unary .)
    LBRACE          reduce using rule 86 (exp_mul -> exp_mul MODL exp_unary .)
    RPAREN          reduce using rule 86 (exp_mul -> exp_mul MODL exp_unary .)
    RBRACE          reduce using rule 86 (exp_mul -> exp_mul MODL exp_unary .)
    COMMA           reduce using rule 86 (exp_mul -> exp_mul MODL exp_unary .)


state 153

    (97) exp_primary -> LPAREN exp RPAREN .

    TIMES           reduce using rule 97 (exp_primary -> LPAREN exp RPAREN .)
    DIVIDE          reduce using rule 97 (exp_primary -> LPAREN exp RPAREN .)
    MODL            reduce using rule 97 (exp_primary -> LPAREN exp RPAREN .)
    PLUS            reduce using rule 97 (exp_primary -> LPAREN exp RPAREN .)
    MINUS           reduce using rule 97 (exp_primary -> LPAREN exp RPAREN .)
    LSHIFT          reduce using rule 97 (exp_primary -> LPAREN exp RPAREN .)
    RSHIFT          reduce using rule 97 (exp_primary -> LPAREN exp RPAREN .)
    BITAND          reduce using rule 97 (exp_primary -> LPAREN exp RPAREN .)
    BITXOR          reduce using rule 97 (exp_primary -> LPAREN exp RPAREN .)
    EQUALS          reduce using rule 97 (exp_primary -> LPAREN exp RPAREN .)
    NEQUALS         reduce using rule 97 (exp_primary -> LPAREN exp RPAREN .)
    LESS            reduce using rule 97 (exp_primary -> LPAREN exp RPAREN .)
    GRTR            reduce using rule 97 (exp_primary -> LPAREN exp RPAREN .)
    LESSEQ          reduce using rule 97 (exp_primary -> LPAREN exp RPAREN .)
    GRTREQ          reduce using rule 97 (exp_primary -> LPAREN exp RPAREN .)
    BITOR           reduce using rule 97 (exp_primary -> LPAREN exp RPAREN .)
    LOGAND          reduce using rule 97 (exp_primary -> LPAREN exp RPAREN .)
    LOGOR           reduce using rule 97 (exp_primary -> LPAREN exp RPAREN .)
    SCOLON          reduce using rule 97 (exp_primary -> LPAREN exp RPAREN .)
    LBRACE          reduce using rule 97 (exp_primary -> LPAREN exp RPAREN .)
    RPAREN          reduce using rule 97 (exp_primary -> LPAREN exp RPAREN .)
    RBRACE          reduce using rule 97 (exp_primary -> LPAREN exp RPAREN .)
    COMMA           reduce using rule 97 (exp_primary -> LPAREN exp RPAREN .)


state 154

    (22) structfield -> ID COLON . type
    (104) type -> . ID

    ID              shift and go to state 114

    type                           shift and go to state 174

state 155

    (19) structdecl -> STRUCT ID LBRACE structfields RBRACE .

    STRUCT          reduce using rule 19 (structdecl -> STRUCT ID LBRACE structfields RBRACE .)
    TRAIT           reduce using rule 19 (structdecl -> STRUCT ID LBRACE structfields RBRACE .)
    LET             reduce using rule 19 (structdecl -> STRUCT ID LBRACE structfields RBRACE .)
    CONST           reduce using rule 19 (structdecl -> STRUCT ID LBRACE structfields RBRACE .)
    FN              reduce using rule 19 (structdecl -> STRUCT ID LBRACE structfields RBRACE .)
    $end            reduce using rule 19 (structdecl -> STRUCT ID LBRACE structfields RBRACE .)


state 156

    (21) structfields -> structfield COMMA . structfields
    (20) structfields -> . structfield
    (21) structfields -> . structfield COMMA structfields
    (22) structfield -> . ID COLON type

    ID              shift and go to state 103

    structfield                    shift and go to state 105
    structfields                   shift and go to state 175

state 157

    (23) traitdecl -> TRAIT ID LBRACE traitbody RBRACE .

    STRUCT          reduce using rule 23 (traitdecl -> TRAIT ID LBRACE traitbody RBRACE .)
    TRAIT           reduce using rule 23 (traitdecl -> TRAIT ID LBRACE traitbody RBRACE .)
    LET             reduce using rule 23 (traitdecl -> TRAIT ID LBRACE traitbody RBRACE .)
    CONST           reduce using rule 23 (traitdecl -> TRAIT ID LBRACE traitbody RBRACE .)
    FN              reduce using rule 23 (traitdecl -> TRAIT ID LBRACE traitbody RBRACE .)
    $end            reduce using rule 23 (traitdecl -> TRAIT ID LBRACE traitbody RBRACE .)


state 158

    (25) traitbody -> traitsignatures traitbody .

    RBRACE          reduce using rule 25 (traitbody -> traitsignatures traitbody .)


state 159

    (26) traitsignatures -> signature SCOLON .

    FN              reduce using rule 26 (traitsignatures -> signature SCOLON .)
    RBRACE          reduce using rule 26 (traitsignatures -> signature SCOLON .)


state 160

    (8) signature -> FN ID . signaturei
    (29) traitmethod -> FN ID . traitsignature
    (9) signaturei -> . signaturep
    (10) signaturei -> . signaturenp
    (30) traitsignature -> . traitsignaturep SCOLON
    (31) traitsignature -> . traitsignaturep body
    (11) signaturep -> . LPAREN sigparams RPAREN ARROW type
    (12) signaturep -> . LPAREN sigparams RPAREN
    (13) signaturenp -> . LPAREN RPAREN ARROW type
    (14) signaturenp -> . LPAREN RPAREN
    (32) traitsignaturep -> . LPAREN BITAND SELFTYPE RPAREN ARROW type
    (33) traitsignaturep -> . LPAREN BITAND SELFTYPE RPAREN
    (34) traitsignaturep -> . LPAREN BITAND SELFTYPE COMMA sigparams RPAREN ARROW type
    (35) traitsignaturep -> . LPAREN BITAND SELFTYPE COMMA sigparams RPAREN

    LPAREN          shift and go to state 178

    signaturei                     shift and go to state 61
    traitsignature                 shift and go to state 176
    signaturep                     shift and go to state 62
    signaturenp                    shift and go to state 63
    traitsignaturep                shift and go to state 177

state 161

    (49) decl -> LET ID typedecl ATTRIB exp . SCOLON

    SCOLON          shift and go to state 179


state 162

    (50) decl -> LET MUT ID typedecl ATTRIB . exp SCOLON
    (54) exp -> . exp_assign
    (55) exp_assign -> . ID ATTRIB exp_assign
    (56) exp_assign -> . ID PLUSATTRIB exp_assign
    (57) exp_assign -> . ID MINUSATTRIB exp_assign
    (58) exp_assign -> . ID TIMESATTRIB exp_assign
    (59) exp_assign -> . ID DIVIDEATTRIB exp_assign
    (60) exp_assign -> . exp_or
    (61) exp_or -> . exp_or LOGOR exp_and
    (62) exp_or -> . exp_and
    (63) exp_and -> . exp_and LOGAND exp_rel
    (64) exp_and -> . exp_rel
    (65) exp_rel -> . exp_bitor EQUALS exp_bitor
    (66) exp_rel -> . exp_bitor NEQUALS exp_bitor
    (67) exp_rel -> . exp_bitor LESS exp_bitor
    (68) exp_rel -> . exp_bitor GRTR exp_bitor
    (69) exp_rel -> . exp_bitor LESSEQ exp_bitor
    (70) exp_rel -> . exp_bitor GRTREQ exp_bitor
    (71) exp_rel -> . exp_bitor
    (72) exp_bitor -> . exp_bitor BITOR exp_bitxor
    (73) exp_bitor -> . exp_bitxor
    (74) exp_bitxor -> . exp_bitxor BITXOR exp_bitand
    (75) exp_bitxor -> . exp_bitand
    (76) exp_bitand -> . exp_bitand BITAND exp_shift
    (77) exp_bitand -> . exp_shift
    (78) exp_shift -> . exp_shift LSHIFT exp_add
    (79) exp_shift -> . exp_shift RSHIFT exp_add
    (80) exp_shift -> . exp_add
    (81) exp_add -> . exp_add PLUS exp_mul
    (82) exp_add -> . exp_add MINUS exp_mul
    (83) exp_add -> . exp_mul
    (84) exp_mul -> . exp_mul TIMES exp_unary
    (85) exp_mul -> . exp_mul DIVIDE exp_unary
    (86) exp_mul -> . exp_mul MODL exp_unary
    (87) exp_mul -> . exp_unary
    (88) exp_unary -> . LOGNOT exp_unary
    (89) exp_unary -> . MINUS exp_unary
    (90) exp_unary -> . exp_primary
    (91) exp_primary -> . call
    (92) exp_primary -> . NUMBER
    (93) exp_primary -> . ID
    (94) exp_primary -> . STRING
    (95) exp_primary -> . TRUE
    (96) exp_primary -> . FALSE
    (97) exp_primary -> . LPAREN exp RPAREN
    (98) exp_primary -> . LBRACE stmts exp RBRACE
    (99) exp_primary -> . LBRACE stmts RBRACE
    (100) call -> . ID LPAREN args RPAREN
    (101) call -> . ID LPAREN RPAREN

    ID              shift and go to state 33
    LOGNOT          shift and go to state 47
    MINUS           shift and go to state 45
    NUMBER          shift and go to state 50
    STRING          shift and go to state 51
    TRUE            shift and go to state 52
    FALSE           shift and go to state 53
    LPAREN          shift and go to state 54
    LBRACE          shift and go to state 22

    exp                            shift and go to state 180
    exp_assign                     shift and go to state 34
    exp_or                         shift and go to state 36
    exp_and                        shift and go to state 37
    exp_rel                        shift and go to state 38
    exp_bitor                      shift and go to state 39
    exp_bitxor                     shift and go to state 40
    exp_bitand                     shift and go to state 41
    exp_shift                      shift and go to state 42
    exp_add                        shift and go to state 43
    exp_mul                        shift and go to state 44
    exp_unary                      shift and go to state 46
    exp_primary                    shift and go to state 48
    call                           shift and go to state 49

state 163

    (51) decl -> CONST ID COLON type ATTRIB . exp SCOLON
    (54) exp -> . exp_assign
    (55) exp_assign -> . ID ATTRIB exp_assign
    (56) exp_assign -> . ID PLUSATTRIB exp_assign
    (57) exp_assign -> . ID MINUSATTRIB exp_assign
    (58) exp_assign -> . ID TIMESATTRIB exp_assign
    (59) exp_assign -> . ID DIVIDEATTRIB exp_assign
    (60) exp_assign -> . exp_or
    (61) exp_or -> . exp_or LOGOR exp_and
    (62) exp_or -> . exp_and
    (63) exp_and -> . exp_and LOGAND exp_rel
    (64) exp_and -> . exp_rel
    (65) exp_rel -> . exp_bitor EQUALS exp_bitor
    (66) exp_rel -> . exp_bitor NEQUALS exp_bitor
    (67) exp_rel -> . exp_bitor LESS exp_bitor
    (68) exp_rel -> . exp_bitor GRTR exp_bitor
    (69) exp_rel -> . exp_bitor LESSEQ exp_bitor
    (70) exp_rel -> . exp_bitor GRTREQ exp_bitor
    (71) exp_rel -> . exp_bitor
    (72) exp_bitor -> . exp_bitor BITOR exp_bitxor
    (73) exp_bitor -> . exp_bitxor
    (74) exp_bitxor -> . exp_bitxor BITXOR exp_bitand
    (75) exp_bitxor -> . exp_bitand
    (76) exp_bitand -> . exp_bitand BITAND exp_shift
    (77) exp_bitand -> . exp_shift
    (78) exp_shift -> . exp_shift LSHIFT exp_add
    (79) exp_shift -> . exp_shift RSHIFT exp_add
    (80) exp_shift -> . exp_add
    (81) exp_add -> . exp_add PLUS exp_mul
    (82) exp_add -> . exp_add MINUS exp_mul
    (83) exp_add -> . exp_mul
    (84) exp_mul -> . exp_mul TIMES exp_unary
    (85) exp_mul -> . exp_mul DIVIDE exp_unary
    (86) exp_mul -> . exp_mul MODL exp_unary
    (87) exp_mul -> . exp_unary
    (88) exp_unary -> . LOGNOT exp_unary
    (89) exp_unary -> . MINUS exp_unary
    (90) exp_unary -> . exp_primary
    (91) exp_primary -> . call
    (92) exp_primary -> . NUMBER
    (93) exp_primary -> . ID
    (94) exp_primary -> . STRING
    (95) exp_primary -> . TRUE
    (96) exp_primary -> . FALSE
    (97) exp_primary -> . LPAREN exp RPAREN
    (98) exp_primary -> . LBRACE stmts exp RBRACE
    (99) exp_primary -> . LBRACE stmts RBRACE
    (100) call -> . ID LPAREN args RPAREN
    (101) call -> . ID LPAREN RPAREN

    ID              shift and go to state 33
    LOGNOT          shift and go to state 47
    MINUS           shift and go to state 45
    NUMBER          shift and go to state 50
    STRING          shift and go to state 51
    TRUE            shift and go to state 52
    FALSE           shift and go to state 53
    LPAREN          shift and go to state 54
    LBRACE          shift and go to state 22

    exp                            shift and go to state 181
    exp_assign                     shift and go to state 34
    exp_or                         shift and go to state 36
    exp_and                        shift and go to state 37
    exp_rel                        shift and go to state 38
    exp_bitor                      shift and go to state 39
    exp_bitxor                     shift and go to state 40
    exp_bitand                     shift and go to state 41
    exp_shift                      shift and go to state 42
    exp_add                        shift and go to state 43
    exp_mul                        shift and go to state 44
    exp_unary                      shift and go to state 46
    exp_primary                    shift and go to state 48
    call                           shift and go to state 49

state 164

    (11) signaturep -> LPAREN sigparams RPAREN . ARROW type
    (12) signaturep -> LPAREN sigparams RPAREN .

    ARROW           shift and go to state 182
    LBRACE          reduce using rule 12 (signaturep -> LPAREN sigparams RPAREN .)
    SCOLON          reduce using rule 12 (signaturep -> LPAREN sigparams RPAREN .)


state 165

    (13) signaturenp -> LPAREN RPAREN ARROW . type
    (104) type -> . ID

    ID              shift and go to state 114

    type                           shift and go to state 183

state 166

    (16) sigparams -> sigparam COMMA . sigparams
    (15) sigparams -> . sigparam
    (16) sigparams -> . sigparam COMMA sigparams
    (17) sigparam -> . ID COLON type

    ID              shift and go to state 120

    sigparam                       shift and go to state 119
    sigparams                      shift and go to state 184

state 167

    (17) sigparam -> ID COLON . type
    (104) type -> . ID

    ID              shift and go to state 114

    type                           shift and go to state 185

state 168

    (98) exp_primary -> LBRACE stmts exp RBRACE .

    TIMES           reduce using rule 98 (exp_primary -> LBRACE stmts exp RBRACE .)
    DIVIDE          reduce using rule 98 (exp_primary -> LBRACE stmts exp RBRACE .)
    MODL            reduce using rule 98 (exp_primary -> LBRACE stmts exp RBRACE .)
    PLUS            reduce using rule 98 (exp_primary -> LBRACE stmts exp RBRACE .)
    MINUS           reduce using rule 98 (exp_primary -> LBRACE stmts exp RBRACE .)
    LSHIFT          reduce using rule 98 (exp_primary -> LBRACE stmts exp RBRACE .)
    RSHIFT          reduce using rule 98 (exp_primary -> LBRACE stmts exp RBRACE .)
    BITAND          reduce using rule 98 (exp_primary -> LBRACE stmts exp RBRACE .)
    BITXOR          reduce using rule 98 (exp_primary -> LBRACE stmts exp RBRACE .)
    EQUALS          reduce using rule 98 (exp_primary -> LBRACE stmts exp RBRACE .)
    NEQUALS         reduce using rule 98 (exp_primary -> LBRACE stmts exp RBRACE .)
    LESS            reduce using rule 98 (exp_primary -> LBRACE stmts exp RBRACE .)
    GRTR            reduce using rule 98 (exp_primary -> LBRACE stmts exp RBRACE .)
    LESSEQ          reduce using rule 98 (exp_primary -> LBRACE stmts exp RBRACE .)
    GRTREQ          reduce using rule 98 (exp_primary -> LBRACE stmts exp RBRACE .)
    BITOR           reduce using rule 98 (exp_primary -> LBRACE stmts exp RBRACE .)
    LOGAND          reduce using rule 98 (exp_primary -> LBRACE stmts exp RBRACE .)
    LOGOR           reduce using rule 98 (exp_primary -> LBRACE stmts exp RBRACE .)
    SCOLON          reduce using rule 98 (exp_primary -> LBRACE stmts exp RBRACE .)
    LBRACE          reduce using rule 98 (exp_primary -> LBRACE stmts exp RBRACE .)
    RPAREN          reduce using rule 98 (exp_primary -> LBRACE stmts exp RBRACE .)
    RBRACE          reduce using rule 98 (exp_primary -> LBRACE stmts exp RBRACE .)
    COMMA           reduce using rule 98 (exp_primary -> LBRACE stmts exp RBRACE .)


state 169

    (41) stmt -> LOOP LBRACE stmts RBRACE .

    LOOP            reduce using rule 41 (stmt -> LOOP LBRACE stmts RBRACE .)
    WHILE           reduce using rule 41 (stmt -> LOOP LBRACE stmts RBRACE .)
    RETURN          reduce using rule 41 (stmt -> LOOP LBRACE stmts RBRACE .)
    BREAK           reduce using rule 41 (stmt -> LOOP LBRACE stmts RBRACE .)
    CONTINUE        reduce using rule 41 (stmt -> LOOP LBRACE stmts RBRACE .)
    LET             reduce using rule 41 (stmt -> LOOP LBRACE stmts RBRACE .)
    CONST           reduce using rule 41 (stmt -> LOOP LBRACE stmts RBRACE .)
    IF              reduce using rule 41 (stmt -> LOOP LBRACE stmts RBRACE .)
    ID              reduce using rule 41 (stmt -> LOOP LBRACE stmts RBRACE .)
    LOGNOT          reduce using rule 41 (stmt -> LOOP LBRACE stmts RBRACE .)
    MINUS           reduce using rule 41 (stmt -> LOOP LBRACE stmts RBRACE .)
    NUMBER          reduce using rule 41 (stmt -> LOOP LBRACE stmts RBRACE .)
    STRING          reduce using rule 41 (stmt -> LOOP LBRACE stmts RBRACE .)
    TRUE            reduce using rule 41 (stmt -> LOOP LBRACE stmts RBRACE .)
    FALSE           reduce using rule 41 (stmt -> LOOP LBRACE stmts RBRACE .)
    LPAREN          reduce using rule 41 (stmt -> LOOP LBRACE stmts RBRACE .)
    LBRACE          reduce using rule 41 (stmt -> LOOP LBRACE stmts RBRACE .)
    RBRACE          reduce using rule 41 (stmt -> LOOP LBRACE stmts RBRACE .)


state 170

    (42) stmt -> WHILE exp LBRACE stmts . RBRACE

    RBRACE          shift and go to state 186


state 171

    (100) call -> ID LPAREN args RPAREN .

    TIMES           reduce using rule 100 (call -> ID LPAREN args RPAREN .)
    DIVIDE          reduce using rule 100 (call -> ID LPAREN args RPAREN .)
    MODL            reduce using rule 100 (call -> ID LPAREN args RPAREN .)
    PLUS            reduce using rule 100 (call -> ID LPAREN args RPAREN .)
    MINUS           reduce using rule 100 (call -> ID LPAREN args RPAREN .)
    LSHIFT          reduce using rule 100 (call -> ID LPAREN args RPAREN .)
    RSHIFT          reduce using rule 100 (call -> ID LPAREN args RPAREN .)
    BITAND          reduce using rule 100 (call -> ID LPAREN args RPAREN .)
    BITXOR          reduce using rule 100 (call -> ID LPAREN args RPAREN .)
    EQUALS          reduce using rule 100 (call -> ID LPAREN args RPAREN .)
    NEQUALS         reduce using rule 100 (call -> ID LPAREN args RPAREN .)
    LESS            reduce using rule 100 (call -> ID LPAREN args RPAREN .)
    GRTR            reduce using rule 100 (call -> ID LPAREN args RPAREN .)
    LESSEQ          reduce using rule 100 (call -> ID LPAREN args RPAREN .)
    GRTREQ          reduce using rule 100 (call -> ID LPAREN args RPAREN .)
    BITOR           reduce using rule 100 (call -> ID LPAREN args RPAREN .)
    LOGAND          reduce using rule 100 (call -> ID LPAREN args RPAREN .)
    LOGOR           reduce using rule 100 (call -> ID LPAREN args RPAREN .)
    SCOLON          reduce using rule 100 (call -> ID LPAREN args RPAREN .)
    LBRACE          reduce using rule 100 (call -> ID LPAREN args RPAREN .)
    RPAREN          reduce using rule 100 (call -> ID LPAREN args RPAREN .)
    RBRACE          reduce using rule 100 (call -> ID LPAREN args RPAREN .)
    COMMA           reduce using rule 100 (call -> ID LPAREN args RPAREN .)


state 172

    (103) args -> exp COMMA . args
    (102) args -> . exp
    (103) args -> . exp COMMA args
    (54) exp -> . exp_assign
    (55) exp_assign -> . ID ATTRIB exp_assign
    (56) exp_assign -> . ID PLUSATTRIB exp_assign
    (57) exp_assign -> . ID MINUSATTRIB exp_assign
    (58) exp_assign -> . ID TIMESATTRIB exp_assign
    (59) exp_assign -> . ID DIVIDEATTRIB exp_assign
    (60) exp_assign -> . exp_or
    (61) exp_or -> . exp_or LOGOR exp_and
    (62) exp_or -> . exp_and
    (63) exp_and -> . exp_and LOGAND exp_rel
    (64) exp_and -> . exp_rel
    (65) exp_rel -> . exp_bitor EQUALS exp_bitor
    (66) exp_rel -> . exp_bitor NEQUALS exp_bitor
    (67) exp_rel -> . exp_bitor LESS exp_bitor
    (68) exp_rel -> . exp_bitor GRTR exp_bitor
    (69) exp_rel -> . exp_bitor LESSEQ exp_bitor
    (70) exp_rel -> . exp_bitor GRTREQ exp_bitor
    (71) exp_rel -> . exp_bitor
    (72) exp_bitor -> . exp_bitor BITOR exp_bitxor
    (73) exp_bitor -> . exp_bitxor
    (74) exp_bitxor -> . exp_bitxor BITXOR exp_bitand
    (75) exp_bitxor -> . exp_bitand
    (76) exp_bitand -> . exp_bitand BITAND exp_shift
    (77) exp_bitand -> . exp_shift
    (78) exp_shift -> . exp_shift LSHIFT exp_add
    (79) exp_shift -> . exp_shift RSHIFT exp_add
    (80) exp_shift -> . exp_add
    (81) exp_add -> . exp_add PLUS exp_mul
    (82) exp_add -> . exp_add MINUS exp_mul
    (83) exp_add -> . exp_mul
    (84) exp_mul -> . exp_mul TIMES exp_unary
    (85) exp_mul -> . exp_mul DIVIDE exp_unary
    (86) exp_mul -> . exp_mul MODL exp_unary
    (87) exp_mul -> . exp_unary
    (88) exp_unary -> . LOGNOT exp_unary
    (89) exp_unary -> . MINUS exp_unary
    (90) exp_unary -> . exp_primary
    (91) exp_primary -> . call
    (92) exp_primary -> . NUMBER
    (93) exp_primary -> . ID
    (94) exp_primary -> . STRING
    (95) exp_primary -> . TRUE
    (96) exp_primary -> . FALSE
    (97) exp_primary -> . LPAREN exp RPAREN
    (98) exp_primary -> . LBRACE stmts exp RBRACE
    (99) exp_primary -> . LBRACE stmts RBRACE
    (100) call -> . ID LPAREN args RPAREN
    (101) call -> . ID LPAREN RPAREN

    ID              shift and go to state 33
    LOGNOT          shift and go to state 47
    MINUS           shift and go to state 45
    NUMBER          shift and go to state 50
    STRING          shift and go to state 51
    TRUE            shift and go to state 52
    FALSE           shift and go to state 53
    LPAREN          shift and go to state 54
    LBRACE          shift and go to state 22

    exp                            shift and go to state 133
    args                           shift and go to state 187
    exp_assign                     shift and go to state 34
    exp_or                         shift and go to state 36
    exp_and                        shift and go to state 37
    exp_rel                        shift and go to state 38
    exp_bitor                      shift and go to state 39
    exp_bitxor                     shift and go to state 40
    exp_bitand                     shift and go to state 41
    exp_shift                      shift and go to state 42
    exp_add                        shift and go to state 43
    exp_mul                        shift and go to state 44
    exp_unary                      shift and go to state 46
    exp_primary                    shift and go to state 48
    call                           shift and go to state 49

state 173

    (46) ifr -> IF exp LBRACE stmts . RBRACE
    (47) ifr -> IF exp LBRACE stmts . RBRACE ELSE LBRACE stmts RBRACE
    (48) ifr -> IF exp LBRACE stmts . RBRACE ELSE ifr

    RBRACE          shift and go to state 188


state 174

    (22) structfield -> ID COLON type .

    COMMA           reduce using rule 22 (structfield -> ID COLON type .)
    RBRACE          reduce using rule 22 (structfield -> ID COLON type .)


state 175

    (21) structfields -> structfield COMMA structfields .

    RBRACE          reduce using rule 21 (structfields -> structfield COMMA structfields .)


state 176

    (29) traitmethod -> FN ID traitsignature .

    FN              reduce using rule 29 (traitmethod -> FN ID traitsignature .)
    RBRACE          reduce using rule 29 (traitmethod -> FN ID traitsignature .)


state 177

    (30) traitsignature -> traitsignaturep . SCOLON
    (31) traitsignature -> traitsignaturep . body
    (18) body -> . LBRACE stmts RBRACE

    SCOLON          shift and go to state 189
    LBRACE          shift and go to state 15

    body                           shift and go to state 190

state 178

    (11) signaturep -> LPAREN . sigparams RPAREN ARROW type
    (12) signaturep -> LPAREN . sigparams RPAREN
    (13) signaturenp -> LPAREN . RPAREN ARROW type
    (14) signaturenp -> LPAREN . RPAREN
    (32) traitsignaturep -> LPAREN . BITAND SELFTYPE RPAREN ARROW type
    (33) traitsignaturep -> LPAREN . BITAND SELFTYPE RPAREN
    (34) traitsignaturep -> LPAREN . BITAND SELFTYPE COMMA sigparams RPAREN ARROW type
    (35) traitsignaturep -> LPAREN . BITAND SELFTYPE COMMA sigparams RPAREN
    (15) sigparams -> . sigparam
    (16) sigparams -> . sigparam COMMA sigparams
    (17) sigparam -> . ID COLON type

    RPAREN          shift and go to state 118
    BITAND          shift and go to state 191
    ID              shift and go to state 120

    sigparams                      shift and go to state 117
    sigparam                       shift and go to state 119

state 179

    (49) decl -> LET ID typedecl ATTRIB exp SCOLON .

    STRUCT          reduce using rule 49 (decl -> LET ID typedecl ATTRIB exp SCOLON .)
    TRAIT           reduce using rule 49 (decl -> LET ID typedecl ATTRIB exp SCOLON .)
    LET             reduce using rule 49 (decl -> LET ID typedecl ATTRIB exp SCOLON .)
    CONST           reduce using rule 49 (decl -> LET ID typedecl ATTRIB exp SCOLON .)
    FN              reduce using rule 49 (decl -> LET ID typedecl ATTRIB exp SCOLON .)
    $end            reduce using rule 49 (decl -> LET ID typedecl ATTRIB exp SCOLON .)
    LOOP            reduce using rule 49 (decl -> LET ID typedecl ATTRIB exp SCOLON .)
    WHILE           reduce using rule 49 (decl -> LET ID typedecl ATTRIB exp SCOLON .)
    RETURN          reduce using rule 49 (decl -> LET ID typedecl ATTRIB exp SCOLON .)
    BREAK           reduce using rule 49 (decl -> LET ID typedecl ATTRIB exp SCOLON .)
    CONTINUE        reduce using rule 49 (decl -> LET ID typedecl ATTRIB exp SCOLON .)
    IF              reduce using rule 49 (decl -> LET ID typedecl ATTRIB exp SCOLON .)
    ID              reduce using rule 49 (decl -> LET ID typedecl ATTRIB exp SCOLON .)
    LOGNOT          reduce using rule 49 (decl -> LET ID typedecl ATTRIB exp SCOLON .)
    MINUS           reduce using rule 49 (decl -> LET ID typedecl ATTRIB exp SCOLON .)
    NUMBER          reduce using rule 49 (decl -> LET ID typedecl ATTRIB exp SCOLON .)
    STRING          reduce using rule 49 (decl -> LET ID typedecl ATTRIB exp SCOLON .)
    TRUE            reduce using rule 49 (decl -> LET ID typedecl ATTRIB exp SCOLON .)
    FALSE           reduce using rule 49 (decl -> LET ID typedecl ATTRIB exp SCOLON .)
    LPAREN          reduce using rule 49 (decl -> LET ID typedecl ATTRIB exp SCOLON .)
    LBRACE          reduce using rule 49 (decl -> LET ID typedecl ATTRIB exp SCOLON .)
    RBRACE          reduce using rule 49 (decl -> LET ID typedecl ATTRIB exp SCOLON .)


state 180

    (50) decl -> LET MUT ID typedecl ATTRIB exp . SCOLON

    SCOLON          shift and go to state 192


state 181

    (51) decl -> CONST ID COLON type ATTRIB exp . SCOLON

    SCOLON          shift and go to state 193


state 182

    (11) signaturep -> LPAREN sigparams RPAREN ARROW . type
    (104) type -> . ID

    ID              shift and go to state 114

    type                           shift and go to state 194

state 183

    (13) signaturenp -> LPAREN RPAREN ARROW type .

    LBRACE          reduce using rule 13 (signaturenp -> LPAREN RPAREN ARROW type .)
    SCOLON          reduce using rule 13 (signaturenp -> LPAREN RPAREN ARROW type .)


state 184

    (16) sigparams -> sigparam COMMA sigparams .

    RPAREN          reduce using rule 16 (sigparams -> sigparam COMMA sigparams .)


state 185

    (17) sigparam -> ID COLON type .

    COMMA           reduce using rule 17 (sigparam -> ID COLON type .)
    RPAREN          reduce using rule 17 (sigparam -> ID COLON type .)


state 186

    (42) stmt -> WHILE exp LBRACE stmts RBRACE .

    LOOP            reduce using rule 42 (stmt -> WHILE exp LBRACE stmts RBRACE .)
    WHILE           reduce using rule 42 (stmt -> WHILE exp LBRACE stmts RBRACE .)
    RETURN          reduce using rule 42 (stmt -> WHILE exp LBRACE stmts RBRACE .)
    BREAK           reduce using rule 42 (stmt -> WHILE exp LBRACE stmts RBRACE .)
    CONTINUE        reduce using rule 42 (stmt -> WHILE exp LBRACE stmts RBRACE .)
    LET             reduce using rule 42 (stmt -> WHILE exp LBRACE stmts RBRACE .)
    CONST           reduce using rule 42 (stmt -> WHILE exp LBRACE stmts RBRACE .)
    IF              reduce using rule 42 (stmt -> WHILE exp LBRACE stmts RBRACE .)
    ID              reduce using rule 42 (stmt -> WHILE exp LBRACE stmts RBRACE .)
    LOGNOT          reduce using rule 42 (stmt -> WHILE exp LBRACE stmts RBRACE .)
    MINUS           reduce using rule 42 (stmt -> WHILE exp LBRACE stmts RBRACE .)
    NUMBER          reduce using rule 42 (stmt -> WHILE exp LBRACE stmts RBRACE .)
    STRING          reduce using rule 42 (stmt -> WHILE exp LBRACE stmts RBRACE .)
    TRUE            reduce using rule 42 (stmt -> WHILE exp LBRACE stmts RBRACE .)
    FALSE           reduce using rule 42 (stmt -> WHILE exp LBRACE stmts RBRACE .)
    LPAREN          reduce using rule 42 (stmt -> WHILE exp LBRACE stmts RBRACE .)
    LBRACE          reduce using rule 42 (stmt -> WHILE exp LBRACE stmts RBRACE .)
    RBRACE          reduce using rule 42 (stmt -> WHILE exp LBRACE stmts RBRACE .)


state 187

    (103) args -> exp COMMA args .

    RPAREN          reduce using rule 103 (args -> exp COMMA args .)


state 188

    (46) ifr -> IF exp LBRACE stmts RBRACE .
    (47) ifr -> IF exp LBRACE stmts RBRACE . ELSE LBRACE stmts RBRACE
    (48) ifr -> IF exp LBRACE stmts RBRACE . ELSE ifr

    LOOP            reduce using rule 46 (ifr -> IF exp LBRACE stmts RBRACE .)
    WHILE           reduce using rule 46 (ifr -> IF exp LBRACE stmts RBRACE .)
    RETURN          reduce using rule 46 (ifr -> IF exp LBRACE stmts RBRACE .)
    BREAK           reduce using rule 46 (ifr -> IF exp LBRACE stmts RBRACE .)
    CONTINUE        reduce using rule 46 (ifr -> IF exp LBRACE stmts RBRACE .)
    LET             reduce using rule 46 (ifr -> IF exp LBRACE stmts RBRACE .)
    CONST           reduce using rule 46 (ifr -> IF exp LBRACE stmts RBRACE .)
    IF              reduce using rule 46 (ifr -> IF exp LBRACE stmts RBRACE .)
    ID              reduce using rule 46 (ifr -> IF exp LBRACE stmts RBRACE .)
    LOGNOT          reduce using rule 46 (ifr -> IF exp LBRACE stmts RBRACE .)
    MINUS           reduce using rule 46 (ifr -> IF exp LBRACE stmts RBRACE .)
    NUMBER          reduce using rule 46 (ifr -> IF exp LBRACE stmts RBRACE .)
    STRING          reduce using rule 46 (ifr -> IF exp LBRACE stmts RBRACE .)
    TRUE            reduce using rule 46 (ifr -> IF exp LBRACE stmts RBRACE .)
    FALSE           reduce using rule 46 (ifr -> IF exp LBRACE stmts RBRACE .)
    LPAREN          reduce using rule 46 (ifr -> IF exp LBRACE stmts RBRACE .)
    LBRACE          reduce using rule 46 (ifr -> IF exp LBRACE stmts RBRACE .)
    RBRACE          reduce using rule 46 (ifr -> IF exp LBRACE stmts RBRACE .)
    ELSE            shift and go to state 195


state 189

    (30) traitsignature -> traitsignaturep SCOLON .

    FN              reduce using rule 30 (traitsignature -> traitsignaturep SCOLON .)
    RBRACE          reduce using rule 30 (traitsignature -> traitsignaturep SCOLON .)


state 190

    (31) traitsignature -> traitsignaturep body .

    FN              reduce using rule 31 (traitsignature -> traitsignaturep body .)
    RBRACE          reduce using rule 31 (traitsignature -> traitsignaturep body .)


state 191

    (32) traitsignaturep -> LPAREN BITAND . SELFTYPE RPAREN ARROW type
    (33) traitsignaturep -> LPAREN BITAND . SELFTYPE RPAREN
    (34) traitsignaturep -> LPAREN BITAND . SELFTYPE COMMA sigparams RPAREN ARROW type
    (35) traitsignaturep -> LPAREN BITAND . SELFTYPE COMMA sigparams RPAREN

    SELFTYPE        shift and go to state 196


state 192

    (50) decl -> LET MUT ID typedecl ATTRIB exp SCOLON .

    STRUCT          reduce using rule 50 (decl -> LET MUT ID typedecl ATTRIB exp SCOLON .)
    TRAIT           reduce using rule 50 (decl -> LET MUT ID typedecl ATTRIB exp SCOLON .)
    LET             reduce using rule 50 (decl -> LET MUT ID typedecl ATTRIB exp SCOLON .)
    CONST           reduce using rule 50 (decl -> LET MUT ID typedecl ATTRIB exp SCOLON .)
    FN              reduce using rule 50 (decl -> LET MUT ID typedecl ATTRIB exp SCOLON .)
    $end            reduce using rule 50 (decl -> LET MUT ID typedecl ATTRIB exp SCOLON .)
    LOOP            reduce using rule 50 (decl -> LET MUT ID typedecl ATTRIB exp SCOLON .)
    WHILE           reduce using rule 50 (decl -> LET MUT ID typedecl ATTRIB exp SCOLON .)
    RETURN          reduce using rule 50 (decl -> LET MUT ID typedecl ATTRIB exp SCOLON .)
    BREAK           reduce using rule 50 (decl -> LET MUT ID typedecl ATTRIB exp SCOLON .)
    CONTINUE        reduce using rule 50 (decl -> LET MUT ID typedecl ATTRIB exp SCOLON .)
    IF              reduce using rule 50 (decl -> LET MUT ID typedecl ATTRIB exp SCOLON .)
    ID              reduce using rule 50 (decl -> LET MUT ID typedecl ATTRIB exp SCOLON .)
    LOGNOT          reduce using rule 50 (decl -> LET MUT ID typedecl ATTRIB exp SCOLON .)
    MINUS           reduce using rule 50 (decl -> LET MUT ID typedecl ATTRIB exp SCOLON .)
    NUMBER          reduce using rule 50 (decl -> LET MUT ID typedecl ATTRIB exp SCOLON .)
    STRING          reduce using rule 50 (decl -> LET MUT ID typedecl ATTRIB exp SCOLON .)
    TRUE            reduce using rule 50 (decl -> LET MUT ID typedecl ATTRIB exp SCOLON .)
    FALSE           reduce using rule 50 (decl -> LET MUT ID typedecl ATTRIB exp SCOLON .)
    LPAREN          reduce using rule 50 (decl -> LET MUT ID typedecl ATTRIB exp SCOLON .)
    LBRACE          reduce using rule 50 (decl -> LET MUT ID typedecl ATTRIB exp SCOLON .)
    RBRACE          reduce using rule 50 (decl -> LET MUT ID typedecl ATTRIB exp SCOLON .)


state 193

    (51) decl -> CONST ID COLON type ATTRIB exp SCOLON .

    STRUCT          reduce using rule 51 (decl -> CONST ID COLON type ATTRIB exp SCOLON .)
    TRAIT           reduce using rule 51 (decl -> CONST ID COLON type ATTRIB exp SCOLON .)
    LET             reduce using rule 51 (decl -> CONST ID COLON type ATTRIB exp SCOLON .)
    CONST           reduce using rule 51 (decl -> CONST ID COLON type ATTRIB exp SCOLON .)
    FN              reduce using rule 51 (decl -> CONST ID COLON type ATTRIB exp SCOLON .)
    $end            reduce using rule 51 (decl -> CONST ID COLON type ATTRIB exp SCOLON .)
    LOOP            reduce using rule 51 (decl -> CONST ID COLON type ATTRIB exp SCOLON .)
    WHILE           reduce using rule 51 (decl -> CONST ID COLON type ATTRIB exp SCOLON .)
    RETURN          reduce using rule 51 (decl -> CONST ID COLON type ATTRIB exp SCOLON .)
    BREAK           reduce using rule 51 (decl -> CONST ID COLON type ATTRIB exp SCOLON .)
    CONTINUE        reduce using rule 51 (decl -> CONST ID COLON type ATTRIB exp SCOLON .)
    IF              reduce using rule 51 (decl -> CONST ID COLON type ATTRIB exp SCOLON .)
    ID              reduce using rule 51 (decl -> CONST ID COLON type ATTRIB exp SCOLON .)
    LOGNOT          reduce using rule 51 (decl -> CONST ID COLON type ATTRIB exp SCOLON .)
    MINUS           reduce using rule 51 (decl -> CONST ID COLON type ATTRIB exp SCOLON .)
    NUMBER          reduce using rule 51 (decl -> CONST ID COLON type ATTRIB exp SCOLON .)
    STRING          reduce using rule 51 (decl -> CONST ID COLON type ATTRIB exp SCOLON .)
    TRUE            reduce using rule 51 (decl -> CONST ID COLON type ATTRIB exp SCOLON .)
    FALSE           reduce using rule 51 (decl -> CONST ID COLON type ATTRIB exp SCOLON .)
    LPAREN          reduce using rule 51 (decl -> CONST ID COLON type ATTRIB exp SCOLON .)
    LBRACE          reduce using rule 51 (decl -> CONST ID COLON type ATTRIB exp SCOLON .)
    RBRACE          reduce using rule 51 (decl -> CONST ID COLON type ATTRIB exp SCOLON .)


state 194

    (11) signaturep -> LPAREN sigparams RPAREN ARROW type .

    LBRACE          reduce using rule 11 (signaturep -> LPAREN sigparams RPAREN ARROW type .)
    SCOLON          reduce using rule 11 (signaturep -> LPAREN sigparams RPAREN ARROW type .)


state 195

    (47) ifr -> IF exp LBRACE stmts RBRACE ELSE . LBRACE stmts RBRACE
    (48) ifr -> IF exp LBRACE stmts RBRACE ELSE . ifr
    (46) ifr -> . IF exp LBRACE stmts RBRACE
    (47) ifr -> . IF exp LBRACE stmts RBRACE ELSE LBRACE stmts RBRACE
    (48) ifr -> . IF exp LBRACE stmts RBRACE ELSE ifr

    LBRACE          shift and go to state 197
    IF              shift and go to state 35

    ifr                            shift and go to state 198

state 196

    (32) traitsignaturep -> LPAREN BITAND SELFTYPE . RPAREN ARROW type
    (33) traitsignaturep -> LPAREN BITAND SELFTYPE . RPAREN
    (34) traitsignaturep -> LPAREN BITAND SELFTYPE . COMMA sigparams RPAREN ARROW type
    (35) traitsignaturep -> LPAREN BITAND SELFTYPE . COMMA sigparams RPAREN

    RPAREN          shift and go to state 199
    COMMA           shift and go to state 200


state 197

    (47) ifr -> IF exp LBRACE stmts RBRACE ELSE LBRACE . stmts RBRACE
    (36) stmts -> . stmt
    (37) stmts -> . stmt stmts
    (38) stmt -> . decl
    (39) stmt -> . exp SCOLON
    (40) stmt -> . ifr
    (41) stmt -> . LOOP LBRACE stmts RBRACE
    (42) stmt -> . WHILE exp LBRACE stmts RBRACE
    (43) stmt -> . RETURN exp SCOLON
    (44) stmt -> . BREAK SCOLON
    (45) stmt -> . CONTINUE SCOLON
    (49) decl -> . LET ID typedecl ATTRIB exp SCOLON
    (50) decl -> . LET MUT ID typedecl ATTRIB exp SCOLON
    (51) decl -> . CONST ID COLON type ATTRIB exp SCOLON
    (54) exp -> . exp_assign
    (46) ifr -> . IF exp LBRACE stmts RBRACE
    (47) ifr -> . IF exp LBRACE stmts RBRACE ELSE LBRACE stmts RBRACE
    (48) ifr -> . IF exp LBRACE stmts RBRACE ELSE ifr
    (55) exp_assign -> . ID ATTRIB exp_assign
    (56) exp_assign -> . ID PLUSATTRIB exp_assign
    (57) exp_assign -> . ID MINUSATTRIB exp_assign
    (58) exp_assign -> . ID TIMESATTRIB exp_assign
    (59) exp_assign -> . ID DIVIDEATTRIB exp_assign
    (60) exp_assign -> . exp_or
    (61) exp_or -> . exp_or LOGOR exp_and
    (62) exp_or -> . exp_and
    (63) exp_and -> . exp_and LOGAND exp_rel
    (64) exp_and -> . exp_rel
    (65) exp_rel -> . exp_bitor EQUALS exp_bitor
    (66) exp_rel -> . exp_bitor NEQUALS exp_bitor
    (67) exp_rel -> . exp_bitor LESS exp_bitor
    (68) exp_rel -> . exp_bitor GRTR exp_bitor
    (69) exp_rel -> . exp_bitor LESSEQ exp_bitor
    (70) exp_rel -> . exp_bitor GRTREQ exp_bitor
    (71) exp_rel -> . exp_bitor
    (72) exp_bitor -> . exp_bitor BITOR exp_bitxor
    (73) exp_bitor -> . exp_bitxor
    (74) exp_bitxor -> . exp_bitxor BITXOR exp_bitand
    (75) exp_bitxor -> . exp_bitand
    (76) exp_bitand -> . exp_bitand BITAND exp_shift
    (77) exp_bitand -> . exp_shift
    (78) exp_shift -> . exp_shift LSHIFT exp_add
    (79) exp_shift -> . exp_shift RSHIFT exp_add
    (80) exp_shift -> . exp_add
    (81) exp_add -> . exp_add PLUS exp_mul
    (82) exp_add -> . exp_add MINUS exp_mul
    (83) exp_add -> . exp_mul
    (84) exp_mul -> . exp_mul TIMES exp_unary
    (85) exp_mul -> . exp_mul DIVIDE exp_unary
    (86) exp_mul -> . exp_mul MODL exp_unary
    (87) exp_mul -> . exp_unary
    (88) exp_unary -> . LOGNOT exp_unary
    (89) exp_unary -> . MINUS exp_unary
    (90) exp_unary -> . exp_primary
    (91) exp_primary -> . call
    (92) exp_primary -> . NUMBER
    (93) exp_primary -> . ID
    (94) exp_primary -> . STRING
    (95) exp_primary -> . TRUE
    (96) exp_primary -> . FALSE
    (97) exp_primary -> . LPAREN exp RPAREN
    (98) exp_primary -> . LBRACE stmts exp RBRACE
    (99) exp_primary -> . LBRACE stmts RBRACE
    (100) call -> . ID LPAREN args RPAREN
    (101) call -> . ID LPAREN RPAREN

    LOOP            shift and go to state 28
    WHILE           shift and go to state 29
    RETURN          shift and go to state 30
    BREAK           shift and go to state 31
    CONTINUE        shift and go to state 32
    LET             shift and go to state 10
    CONST           shift and go to state 11
    IF              shift and go to state 35
    ID              shift and go to state 33
    LOGNOT          shift and go to state 47
    MINUS           shift and go to state 45
    NUMBER          shift and go to state 50
    STRING          shift and go to state 51
    TRUE            shift and go to state 52
    FALSE           shift and go to state 53
    LPAREN          shift and go to state 54
    LBRACE          shift and go to state 22

    exp                            shift and go to state 26
    stmts                          shift and go to state 201
    stmt                           shift and go to state 24
    decl                           shift and go to state 25
    ifr                            shift and go to state 27
    exp_assign                     shift and go to state 34
    exp_or                         shift and go to state 36
    exp_and                        shift and go to state 37
    exp_rel                        shift and go to state 38
    exp_bitor                      shift and go to state 39
    exp_bitxor                     shift and go to state 40
    exp_bitand                     shift and go to state 41
    exp_shift                      shift and go to state 42
    exp_add                        shift and go to state 43
    exp_mul                        shift and go to state 44
    exp_unary                      shift and go to state 46
    exp_primary                    shift and go to state 48
    call                           shift and go to state 49

state 198

    (48) ifr -> IF exp LBRACE stmts RBRACE ELSE ifr .

    LOOP            reduce using rule 48 (ifr -> IF exp LBRACE stmts RBRACE ELSE ifr .)
    WHILE           reduce using rule 48 (ifr -> IF exp LBRACE stmts RBRACE ELSE ifr .)
    RETURN          reduce using rule 48 (ifr -> IF exp LBRACE stmts RBRACE ELSE ifr .)
    BREAK           reduce using rule 48 (ifr -> IF exp LBRACE stmts RBRACE ELSE ifr .)
    CONTINUE        reduce using rule 48 (ifr -> IF exp LBRACE stmts RBRACE ELSE ifr .)
    LET             reduce using rule 48 (ifr -> IF exp LBRACE stmts RBRACE ELSE ifr .)
    CONST           reduce using rule 48 (ifr -> IF exp LBRACE stmts RBRACE ELSE ifr .)
    IF              reduce using rule 48 (ifr -> IF exp LBRACE stmts RBRACE ELSE ifr .)
    ID              reduce using rule 48 (ifr -> IF exp LBRACE stmts RBRACE ELSE ifr .)
    LOGNOT          reduce using rule 48 (ifr -> IF exp LBRACE stmts RBRACE ELSE ifr .)
    MINUS           reduce using rule 48 (ifr -> IF exp LBRACE stmts RBRACE ELSE ifr .)
    NUMBER          reduce using rule 48 (ifr -> IF exp LBRACE stmts RBRACE ELSE ifr .)
    STRING          reduce using rule 48 (ifr -> IF exp LBRACE stmts RBRACE ELSE ifr .)
    TRUE            reduce using rule 48 (ifr -> IF exp LBRACE stmts RBRACE ELSE ifr .)
    FALSE           reduce using rule 48 (ifr -> IF exp LBRACE stmts RBRACE ELSE ifr .)
    LPAREN          reduce using rule 48 (ifr -> IF exp LBRACE stmts RBRACE ELSE ifr .)
    LBRACE          reduce using rule 48 (ifr -> IF exp LBRACE stmts RBRACE ELSE ifr .)
    RBRACE          reduce using rule 48 (ifr -> IF exp LBRACE stmts RBRACE ELSE ifr .)


state 199

    (32) traitsignaturep -> LPAREN BITAND SELFTYPE RPAREN . ARROW type
    (33) traitsignaturep -> LPAREN BITAND SELFTYPE RPAREN .

    ARROW           shift and go to state 202
    SCOLON          reduce using rule 33 (traitsignaturep -> LPAREN BITAND SELFTYPE RPAREN .)
    LBRACE          reduce using rule 33 (traitsignaturep -> LPAREN BITAND SELFTYPE RPAREN .)


state 200

    (34) traitsignaturep -> LPAREN BITAND SELFTYPE COMMA . sigparams RPAREN ARROW type
    (35) traitsignaturep -> LPAREN BITAND SELFTYPE COMMA . sigparams RPAREN
    (15) sigparams -> . sigparam
    (16) sigparams -> . sigparam COMMA sigparams
    (17) sigparam -> . ID COLON type

    ID              shift and go to state 120

    sigparams                      shift and go to state 203
    sigparam                       shift and go to state 119

state 201

    (47) ifr -> IF exp LBRACE stmts RBRACE ELSE LBRACE stmts . RBRACE

    RBRACE          shift and go to state 204


state 202

    (32) traitsignaturep -> LPAREN BITAND SELFTYPE RPAREN ARROW . type
    (104) type -> . ID

    ID              shift and go to state 114

    type                           shift and go to state 205

state 203

    (34) traitsignaturep -> LPAREN BITAND SELFTYPE COMMA sigparams . RPAREN ARROW type
    (35) traitsignaturep -> LPAREN BITAND SELFTYPE COMMA sigparams . RPAREN

    RPAREN          shift and go to state 206


state 204

    (47) ifr -> IF exp LBRACE stmts RBRACE ELSE LBRACE stmts RBRACE .

    LOOP            reduce using rule 47 (ifr -> IF exp LBRACE stmts RBRACE ELSE LBRACE stmts RBRACE .)
    WHILE           reduce using rule 47 (ifr -> IF exp LBRACE stmts RBRACE ELSE LBRACE stmts RBRACE .)
    RETURN          reduce using rule 47 (ifr -> IF exp LBRACE stmts RBRACE ELSE LBRACE stmts RBRACE .)
    BREAK           reduce using rule 47 (ifr -> IF exp LBRACE stmts RBRACE ELSE LBRACE stmts RBRACE .)
    CONTINUE        reduce using rule 47 (ifr -> IF exp LBRACE stmts RBRACE ELSE LBRACE stmts RBRACE .)
    LET             reduce using rule 47 (ifr -> IF exp LBRACE stmts RBRACE ELSE LBRACE stmts RBRACE .)
    CONST           reduce using rule 47 (ifr -> IF exp LBRACE stmts RBRACE ELSE LBRACE stmts RBRACE .)
    IF              reduce using rule 47 (ifr -> IF exp LBRACE stmts RBRACE ELSE LBRACE stmts RBRACE .)
    ID              reduce using rule 47 (ifr -> IF exp LBRACE stmts RBRACE ELSE LBRACE stmts RBRACE .)
    LOGNOT          reduce using rule 47 (ifr -> IF exp LBRACE stmts RBRACE ELSE LBRACE stmts RBRACE .)
    MINUS           reduce using rule 47 (ifr -> IF exp LBRACE stmts RBRACE ELSE LBRACE stmts RBRACE .)
    NUMBER          reduce using rule 47 (ifr -> IF exp LBRACE stmts RBRACE ELSE LBRACE stmts RBRACE .)
    STRING          reduce using rule 47 (ifr -> IF exp LBRACE stmts RBRACE ELSE LBRACE stmts RBRACE .)
    TRUE            reduce using rule 47 (ifr -> IF exp LBRACE stmts RBRACE ELSE LBRACE stmts RBRACE .)
    FALSE           reduce using rule 47 (ifr -> IF exp LBRACE stmts RBRACE ELSE LBRACE stmts RBRACE .)
    LPAREN          reduce using rule 47 (ifr -> IF exp LBRACE stmts RBRACE ELSE LBRACE stmts RBRACE .)
    LBRACE          reduce using rule 47 (ifr -> IF exp LBRACE stmts RBRACE ELSE LBRACE stmts RBRACE .)
    RBRACE          reduce using rule 47 (ifr -> IF exp LBRACE stmts RBRACE ELSE LBRACE stmts RBRACE .)


state 205

    (32) traitsignaturep -> LPAREN BITAND SELFTYPE RPAREN ARROW type .

    SCOLON          reduce using rule 32 (traitsignaturep -> LPAREN BITAND SELFTYPE RPAREN ARROW type .)
    LBRACE          reduce using rule 32 (traitsignaturep -> LPAREN BITAND SELFTYPE RPAREN ARROW type .)


state 206

    (34) traitsignaturep -> LPAREN BITAND SELFTYPE COMMA sigparams RPAREN . ARROW type
    (35) traitsignaturep -> LPAREN BITAND SELFTYPE COMMA sigparams RPAREN .

    ARROW           shift and go to state 207
    SCOLON          reduce using rule 35 (traitsignaturep -> LPAREN BITAND SELFTYPE COMMA sigparams RPAREN .)
    LBRACE          reduce using rule 35 (traitsignaturep -> LPAREN BITAND SELFTYPE COMMA sigparams RPAREN .)


state 207

    (34) traitsignaturep -> LPAREN BITAND SELFTYPE COMMA sigparams RPAREN ARROW . type
    (104) type -> . ID

    ID              shift and go to state 114

    type                           shift and go to state 208

state 208

    (34) traitsignaturep -> LPAREN BITAND SELFTYPE COMMA sigparams RPAREN ARROW type .

    SCOLON          reduce using rule 34 (traitsignaturep -> LPAREN BITAND SELFTYPE COMMA sigparams RPAREN ARROW type .)
    LBRACE          reduce using rule 34 (traitsignaturep -> LPAREN BITAND SELFTYPE COMMA sigparams RPAREN ARROW type .)

WARNING: 
WARNING: Conflicts:
WARNING: 
WARNING: shift/reduce conflict for ID in state 24 resolved as shift
WARNING: shift/reduce conflict for LOGNOT in state 24 resolved as shift
WARNING: shift/reduce conflict for MINUS in state 24 resolved as shift
WARNING: shift/reduce conflict for NUMBER in state 24 resolved as shift
WARNING: shift/reduce conflict for STRING in state 24 resolved as shift
WARNING: shift/reduce conflict for TRUE in state 24 resolved as shift
WARNING: shift/reduce conflict for FALSE in state 24 resolved as shift
WARNING: shift/reduce conflict for LPAREN in state 24 resolved as shift
WARNING: shift/reduce conflict for LBRACE in state 24 resolved as shift
